Chromosome	Position	Ref	Alt	Tags	DNA	RNA	Value	P-Value	Element
1	209815790	G	-	21	7726	6387	0	0.98301	IRF6
1	209815790	G	A	108	33406	33691	-0.07	0.14117	IRF6
1	209815790	G	C	24	2936	5794	-0.15	0.14085	IRF6
1	209815791	T	A	18	3663	3857	-0.19	0.10675	IRF6
1	209815791	T	C	59	25296	26021	0.03	0.64083	IRF6
1	209815791	T	G	3	1377	1576	0.18	0.51766	IRF6
1	209815792	A	-	3	426	407	-0.05	0.84444	IRF6
1	209815792	A	C	3	459	472	-0.08	0.78201	IRF6
1	209815792	A	G	18	3412	3807	0.01	0.94203	IRF6
1	209815792	A	T	39	9833	9038	-0.04	0.64647	IRF6
1	209815793	A	-	3	5	6	-0.01	0.97871	IRF6
1	209815793	A	C	27	9972	9830	-0.12	0.20877	IRF6
1	209815793	A	G	53	15399	15885	-0.06	0.3724	IRF6
1	209815793	A	T	100	34345	31806	-0.09	0.0697	IRF6
1	209815794	A	-	156	27054	26470	-0.1	0.01547	IRF6
1	209815794	A	C	8	558	666	-0.41	0.02111	IRF6
1	209815794	A	G	33	15319	11928	-0.44	0	IRF6
1	209815794	A	T	91	22119	25489	-0.01	0.81603	IRF6
1	209815795	T	-	3	702	480	0.06	0.8183	IRF6
1	209815795	T	A	84	27621	28381	0	0.92771	IRF6
1	209815795	T	C	81	33519	56822	0.2	0.00014	IRF6
1	209815795	T	G	24	6409	7168	0.06	0.54117	IRF6
1	209815796	G	A	183	46362	55272	0.06	0.10403	IRF6
1	209815796	G	C	67	20121	21212	-0.02	0.67678	IRF6
1	209815796	G	T	62	16037	13977	-0.16	0.01099	IRF6
1	209815797	G	-	30	4876	5910	0.03	0.7108	IRF6
1	209815797	G	A	140	46593	47685	0.12	0.00284	IRF6
1	209815797	G	C	55	13985	16622	0.04	0.50442	IRF6
1	209815797	G	T	33	12432	12363	-0.09	0.28705	IRF6
1	209815798	T	A	27	8946	10749	0.33	0.00035	IRF6
1	209815798	T	C	55	16109	19213	0.06	0.3927	IRF6
1	209815799	G	A	126	42082	49338	0.07	0.12131	IRF6
1	209815799	G	C	21	6087	5645	-0.14	0.19144	IRF6
1	209815799	G	T	48	18871	22246	0.15	0.03462	IRF6
1	209815800	A	-	3	1434	1287	-0.26	0.35138	IRF6
1	209815800	A	C	18	4390	4164	0.16	0.16179	IRF6
1	209815800	A	G	58	15327	13271	-0.22	0.00068	IRF6
1	209815800	A	T	114	32744	31634	-0.11	0.01762	IRF6
1	209815801	G	A	228	73115	78021	-0.07	0.02576	IRF6
1	209815801	G	C	74	27684	29424	0.02	0.7652	IRF6
1	209815801	G	T	45	13136	13130	-0.15	0.03537	IRF6
1	209815802	T	-	2	3	7	0.92	0.00586	IRF6
1	209815802	T	A	27	8854	15131	0.29	0.00217	IRF6
1	209815802	T	C	59	19567	31183	0.4	0	IRF6
1	209815802	T	G	9	4238	4582	0.2	0.23244	IRF6
1	209815803	A	-	3	851	844	0.09	0.7349	IRF6
1	209815803	A	C	6	2421	4032	0.4	0.05096	IRF6
1	209815803	A	G	21	5432	5248	-0.09	0.41155	IRF6
1	209815803	A	T	59	18571	16198	0.05	0.44953	IRF6
1	209815804	G	A	68	23421	33409	0.34	0	IRF6
1	209815804	G	C	46	13258	13695	-0.02	0.75244	IRF6
1	209815804	G	T	99	33736	29043	-0.14	0.00373	IRF6
1	209815805	G	-	54	9914	8528	-0.25	0.00735	IRF6
1	209815805	G	A	77	25286	23822	-0.06	0.2703	IRF6
1	209815805	G	C	24	6220	7230	-0.18	0.08314	IRF6
1	209815805	G	T	36	15396	14097	-0.15	0.05811	IRF6
1	209815806	A	C	12	6359	5670	-0.15	0.29007	IRF6
1	209815806	A	G	31	11440	9219	-0.34	0.00024	IRF6
1	209815806	A	T	55	23209	18434	-0.21	0.00115	IRF6
1	209815807	A	-	81	15481	20772	0	0.97645	IRF6
1	209815807	A	C	31	12118	12125	-0.12	0.18372	IRF6
1	209815807	A	G	62	22432	18670	-0.55	0	IRF6
1	209815807	A	T	123	44288	42366	-0.13	0.00313	IRF6
1	209815808	G	A	186	61728	56159	-0.23	0	IRF6
1	209815808	G	C	78	21588	18690	-0.04	0.51685	IRF6
1	209815808	G	T	30	11328	11272	-0.04	0.66748	IRF6
1	209815809	T	A	45	14309	13632	-0.08	0.27494	IRF6
1	209815809	T	C	82	19875	20915	-0.06	0.26836	IRF6
1	209815809	T	G	16	4211	4364	-0.21	0.08146	IRF6
1	209815810	T	-	46	4855	5214	-0.12	0.10841	IRF6
1	209815810	T	A	15	3529	3861	-0.06	0.6189	IRF6
1	209815810	T	C	75	25592	23217	0	0.96459	IRF6
1	209815810	T	G	60	19768	20636	0.14	0.02785	IRF6
1	209815811	G	A	163	51799	47829	-0.04	0.29237	IRF6
1	209815811	G	C	69	22866	21531	-0.04	0.5124	IRF6
1	209815811	G	T	51	16056	15243	-0.22	0.00156	IRF6
1	209815812	A	C	72	24220	23553	0.04	0.4864	IRF6
1	209815812	A	G	231	75548	81324	0.01	0.69366	IRF6
1	209815812	A	T	174	51237	53841	0.08	0.02192	IRF6
1	209815813	T	A	92	32060	33939	-0.04	0.43901	IRF6
1	209815813	T	C	237	81262	89027	0.13	3e-05	IRF6
1	209815813	T	G	28	8263	9425	0.02	0.84883	IRF6
1	209815814	T	-	3	1144	1356	-0.17	0.65889	IRF6
1	209815814	T	A	123	39221	52283	0.08	0.08242	IRF6
1	209815814	T	C	181	57918	79622	0.24	0	IRF6
1	209815814	T	G	18	9100	9937	0.6	0	IRF6
1	209815815	C	A	101	27133	21589	0	0.95881	IRF6
1	209815815	C	G	15	5732	5520	1.03	0	IRF6
1	209815815	C	T	138	51202	49138	-0.08	0.05879	IRF6
1	209815816	T	A	147	47077	75622	0.54	0	IRF6
1	209815816	T	C	280	100254	123620	0.27	0	IRF6
1	209815816	T	G	39	11927	12454	-0.04	0.6468	IRF6
1	209815817	G	A	238	79782	102106	0.07	0.03695	IRF6
1	209815817	G	C	36	13412	14334	-0.01	0.92193	IRF6
1	209815817	G	T	21	8115	8377	-0.02	0.83859	IRF6
1	209815818	C	A	46	16248	16837	0.08	0.25023	IRF6
1	209815818	C	G	27	7788	16237	-0.02	0.80931	IRF6
1	209815818	C	T	204	64490	65840	-0.13	8e-05	IRF6
1	209815819	C	A	43	14333	13723	-0.28	0.00018	IRF6
1	209815819	C	G	28	8669	8831	0	0.97316	IRF6
1	209815819	C	T	186	58324	56717	-0.11	0.00205	IRF6
1	209815820	C	-	12	1332	1452	0.11	0.42039	IRF6
1	209815820	C	A	116	40498	39897	-0.03	0.46	IRF6
1	209815820	C	G	6	3077	3841	0.76	0.00037	IRF6
1	209815820	C	T	253	73189	76621	-0.03	0.27823	IRF6
1	209815821	G	A	214	78761	85330	-0.02	0.46682	IRF6
1	209815821	G	C	63	23646	24129	-0.03	0.6775	IRF6
1	209815821	G	T	106	32634	36896	0.11	0.02403	IRF6
1	209815822	A	C	14	5021	5883	0.03	0.80224	IRF6
1	209815822	A	G	166	47218	55618	0.1	0.00967	IRF6
1	209815822	A	T	157	59369	58560	-0.1	0.00791	IRF6
1	209815823	T	A	58	20953	24314	0.04	0.57595	IRF6
1	209815823	T	C	228	76905	175657	1.04	0	IRF6
1	209815823	T	G	18	2866	2994	0.09	0.48602	IRF6
1	209815824	C	A	167	57010	55833	-0.05	0.15752	IRF6
1	209815824	C	G	17	5002	4380	-0.16	0.18025	IRF6
1	209815824	C	T	132	42924	41523	-0.02	0.69912	IRF6
1	209815825	T	A	189	56449	61715	0.12	0.00092	IRF6
1	209815825	T	C	216	80803	93074	0.08	0.01705	IRF6
1	209815825	T	G	42	9371	9279	-0.05	0.55132	IRF6
1	209815826	G	A	177	54078	52212	-0.08	0.02745	IRF6
1	209815826	G	C	50	16840	17335	-0.14	0.06304	IRF6
1	209815826	G	T	33	12767	14596	-0.02	0.78441	IRF6
1	209815827	T	A	91	31458	29833	0.03	0.58648	IRF6
1	209815827	T	C	320	100066	97283	-0.05	0.07227	IRF6
1	209815827	T	G	45	12950	15152	0.2	0.00694	IRF6
1	209815828	C	A	76	25084	26434	-0.03	0.56819	IRF6
1	209815828	C	G	21	5627	5229	-0.19	0.0792	IRF6
1	209815828	C	T	99	27941	25549	-0.17	0.00081	IRF6
1	209815829	T	A	134	47631	51503	-0.04	0.295	IRF6
1	209815829	T	C	256	73522	68279	-0.16	0	IRF6
1	209815829	T	G	33	10961	10303	-0.23	0.00533	IRF6
1	209815830	G	A	115	40583	36510	-0.15	0.00155	IRF6
1	209815830	G	C	30	9211	12017	0.2	0.02591	IRF6
1	209815830	G	T	18	4466	4026	-0.12	0.28345	IRF6
1	209815831	A	C	21	6505	6404	-0.01	0.93809	IRF6
1	209815831	A	G	215	73011	112453	0.49	0	IRF6
1	209815831	A	T	155	51045	60937	0.02	0.67986	IRF6
1	209815832	C	A	50	18445	17978	-0.17	0.01316	IRF6
1	209815832	C	G	42	16143	18735	0.23	0.00213	IRF6
1	209815832	C	T	186	59743	56843	-0.08	0.02885	IRF6
1	209815833	T	A	123	40264	40916	-0.01	0.73357	IRF6
1	209815833	T	C	265	85088	142948	0.74	0	IRF6
1	209815833	T	G	30	9297	11381	0.04	0.68197	IRF6
1	209815834	C	A	69	21637	89180	1.85	0	IRF6
1	209815834	C	G	12	3111	14833	1.99	0	IRF6
1	209815834	C	T	129	42242	86096	0.96	0	IRF6
1	209815835	C	-	17	1381	8879	2.78	0	IRF6
1	209815835	C	A	18	5178	15254	1.39	0	IRF6
1	209815835	C	G	9	1387	1342	-0.18	0.2606	IRF6
1	209815835	C	T	101	34887	37540	0.02	0.62716	IRF6
1	209815836	A	C	12	5932	6877	0.22	0.14529	IRF6
1	209815836	A	G	249	89155	121450	0.37	0	IRF6
1	209815836	A	T	133	45240	53700	0.26	0	IRF6
1	209815837	T	A	132	53365	53839	-0.03	0.55444	IRF6
1	209815837	T	C	243	86825	357247	2.02	0	IRF6
1	209815837	T	G	24	9028	8842	0	0.96394	IRF6
1	209815838	G	A	211	69169	90510	0.31	0	IRF6
1	209815838	G	C	15	3754	4132	0	0.98868	IRF6
1	209815838	G	T	29	7487	12952	1	0	IRF6
1	209815839	C	A	48	23065	23483	0.15	0.02777	IRF6
1	209815839	C	G	23	8282	6587	-0.62	0	IRF6
1	209815839	C	T	190	64122	52439	-0.3	0	IRF6
1	209815840	C	A	36	9220	7870	-0.35	1e-05	IRF6
1	209815840	C	G	3	999	1029	-0.06	0.82983	IRF6
1	209815840	C	T	141	53160	44409	-0.3	0	IRF6
1	209815841	C	-	3	356	408	-0.11	0.73679	IRF6
1	209815841	C	A	207	79054	221913	1.29	0	IRF6
1	209815841	C	G	6	1575	2062	0.23	0.24819	IRF6
1	209815841	C	T	106	39447	101005	1.17	0	IRF6
1	209815842	T	A	150	45194	42784	-0.08	0.03805	IRF6
1	209815842	T	C	206	73461	63634	-0.25	0	IRF6
1	209815842	T	G	63	20487	24141	-0.17	0.00425	IRF6
1	209815843	T	A	127	50343	60624	-0.1	0.02604	IRF6
1	209815843	T	C	247	84063	77473	-0.24	0	IRF6
1	209815843	T	G	39	11518	10065	-0.17	0.03391	IRF6
1	209815844	T	-	12	863	961	-0.66	1e-05	IRF6
1	209815844	T	A	66	20806	20529	-0.1	0.10025	IRF6
1	209815844	T	C	286	92403	138431	0.42	0	IRF6
1	209815844	T	G	21	6827	6303	-0.11	0.29789	IRF6
1	209815845	C	A	175	67309	67546	-0.05	0.22071	IRF6
1	209815845	C	T	75	23838	22413	-0.17	0.00276	IRF6
1	209815846	T	A	62	25419	25865	0.05	0.43338	IRF6
1	209815846	T	C	189	62373	63376	-0.06	0.11655	IRF6
1	209815846	T	G	15	4740	7288	0.97	0	IRF6
1	209815847	A	C	12	3601	3109	-0.17	0.22101	IRF6
1	209815847	A	G	206	69657	60218	-0.2	0	IRF6
1	209815847	A	T	76	25613	21723	-0.3	0	IRF6
1	209815848	T	A	157	56285	47844	-0.3	0	IRF6
1	209815848	T	C	213	68918	52998	-0.38	0	IRF6
1	209815848	T	G	21	11088	8316	-0.24	0.02499	IRF6
1	209815849	T	-	16	956	770	-0.45	0.00052	IRF6
1	209815849	T	A	36	8964	7420	-0.24	0.00263	IRF6
1	209815849	T	C	149	48085	39964	-0.41	0	IRF6
1	209815849	T	G	6	2128	3034	0.39	0.04242	IRF6
1	209815850	A	C	15	5537	5022	-0.48	0.00014	IRF6
1	209815850	A	G	156	53025	43994	-0.39	0	IRF6
1	209815850	A	T	89	26755	19058	-0.47	0	IRF6
1	209815851	G	A	193	67978	66130	-0.23	0	IRF6
1	209815851	G	C	45	13994	28191	1.05	0	IRF6
1	209815851	G	T	185	52968	44184	-0.34	0	IRF6
1	209815852	G	A	237	70325	55139	-0.43	0	IRF6
1	209815852	G	C	56	15868	13015	-0.25	9e-05	IRF6
1	209815852	G	T	30	9927	9105	-0.48	0	IRF6
1	209815853	T	A	96	29264	23075	-0.42	0	IRF6
1	209815853	T	C	232	72159	62004	-0.35	0	IRF6
1	209815853	T	G	48	12397	9645	-0.53	0	IRF6
1	209815854	C	A	18	7601	6635	-0.16	0.1572	IRF6
1	209815854	C	G	6	3270	1783	-0.42	0.03449	IRF6
1	209815854	C	T	109	34556	24042	-0.66	0	IRF6
1	209815855	A	C	27	10326	9118	-0.47	0	IRF6
1	209815855	A	G	249	82639	67894	-0.35	0	IRF6
1	209815855	A	T	99	29156	21580	-0.42	0	IRF6
1	209815856	T	A	87	20660	15269	-0.5	0	IRF6
1	209815856	T	C	240	88628	95453	0.14	1e-05	IRF6
1	209815856	T	G	6	1148	789	-0.29	0.14058	IRF6
1	209815857	G	A	132	40880	59633	0.34	0	IRF6
1	209815857	G	C	7	4576	14228	1.47	0	IRF6
1	209815857	G	T	12	3414	3463	0.13	0.36787	IRF6
1	209815858	A	C	21	7558	10728	0.48	0	IRF6
1	209815858	A	G	277	86606	91360	-0.07	0.02383	IRF6
1	209815858	A	T	140	45424	62763	0.16	6e-05	IRF6
1	209815859	A	-	3	50	49	-0.61	0.03587	IRF6
1	209815859	A	C	42	15042	18423	0.24	0.00107	IRF6
1	209815859	A	G	318	106953	109320	0.01	0.69689	IRF6
1	209815859	A	T	153	49249	47469	-0.05	0.22455	IRF6
1	209815860	G	-	1	1	1	-1.02	0.0314	IRF6
1	209815860	G	A	175	68156	73230	0.12	0.0013	IRF6
1	209815860	G	C	18	8495	10397	0.33	0.00563	IRF6
1	209815860	G	T	111	34038	32389	-0.04	0.35293	IRF6
1	209815861	G	A	120	37292	41711	0.03	0.56822	IRF6
1	209815861	G	C	9	3329	5474	0.4	0.01113	IRF6
1	209815861	G	T	66	23993	31144	0.3	0	IRF6
1	209815862	G	A	81	28693	38409	-0.14	0.01283	IRF6
1	209815862	G	C	12	2973	3550	0.05	0.70481	IRF6
1	209815862	G	T	93	28606	32825	0.03	0.50938	IRF6
1	209815863	G	-	31	3182	2693	-0.15	0.08391	IRF6
1	209815863	G	A	180	64642	89177	0.44	0	IRF6
1	209815863	G	C	12	4952	5542	0.2	0.148	IRF6
1	209815863	G	T	24	10543	19290	0.13	0.19538	IRF6
1	209815864	A	C	9	2474	2428	0.09	0.56021	IRF6
1	209815864	A	G	212	66141	60212	-0.19	0	IRF6
1	209815864	A	T	48	21136	17250	-0.12	0.08884	IRF6
1	209815865	A	-	12	1331	1189	-0.16	0.60823	IRF6
1	209815865	A	C	6	1391	1024	-0.31	0.13471	IRF6
1	209815865	A	G	287	97490	106021	0.05	0.06586	IRF6
1	209815865	A	T	96	37298	32916	-0.22	1e-05	IRF6
1	209815866	C	A	48	13728	9753	-0.57	0	IRF6
1	209815866	C	G	30	13473	21596	0.22	0.01278	IRF6
1	209815866	C	T	124	41468	67607	0.54	0	IRF6
1	209815867	C	-	9	1151	998	-0.15	0.65759	IRF6
1	209815867	C	A	153	49403	44757	-0.15	0.00014	IRF6
1	209815867	C	G	24	8757	8333	-0.12	0.23329	IRF6
1	209815867	C	T	123	35781	36024	-0.09	0.0522	IRF6
1	209815868	T	A	87	31616	28696	0	0.93581	IRF6
1	209815868	T	C	272	90681	98279	0.08	0.01168	IRF6
1	209815868	T	G	28	13093	15127	0.04	0.64785	IRF6
1	209815869	G	A	101	33836	37195	-0.08	0.08367	IRF6
1	209815869	G	C	3	2101	1910	0.15	0.60562	IRF6
1	209815869	G	T	31	9316	10217	-0.19	0.02884	IRF6
1	209815870	A	C	9	1288	1629	0.26	0.09599	IRF6
1	209815870	A	G	261	84742	94319	0.12	0.00012	IRF6
1	209815870	A	T	147	45488	48325	-0.07	0.08554	IRF6
1	209815871	G	A	134	43585	45313	-0.04	0.35863	IRF6
1	209815871	G	C	15	3773	4527	0.21	0.08783	IRF6
1	209815871	G	T	169	51863	58832	0.23	0	IRF6
1	209815872	G	A	118	51074	58808	0.02	0.70413	IRF6
1	209815872	G	C	18	5180	4784	0.18	0.11297	IRF6
1	209815872	G	T	27	7755	11625	-0.06	0.54406	IRF6
1	209815873	A	C	9	1900	2091	0.16	0.3499	IRF6
1	209815873	A	G	175	58958	72181	0.1	0.00524	IRF6
1	209815873	A	T	123	32990	33993	0.1	0.02868	IRF6
1	209815874	T	A	138	34525	41994	0.27	0	IRF6
1	209815874	T	C	215	73591	71387	-0.03	0.31273	IRF6
1	209815874	T	G	6	2213	3148	0.4	0.03975	IRF6
1	209815875	T	-	6	275	215	-0.86	2e-05	IRF6
1	209815875	T	A	144	51160	63366	0.14	4e-04	IRF6
1	209815875	T	C	214	73687	80115	0.13	0.00013	IRF6
1	209815875	T	G	36	14561	13901	-0.11	0.19258	IRF6
1	209815876	G	A	108	31721	34452	0.13	0.00478	IRF6
1	209815876	G	C	24	10592	10544	-0.28	0.00532	IRF6
1	209815876	G	T	82	25437	27612	-0.06	0.28112	IRF6
1	209815877	G	-	9	1204	1437	0.1	0.61949	IRF6
1	209815877	G	A	126	57875	63727	0.16	0.00038	IRF6
1	209815877	G	C	7	1945	2452	0.37	0.03537	IRF6
1	209815877	G	T	20	6530	7270	0.32	0.00309	IRF6
1	209815878	A	C	9	3110	5121	0.37	0.02114	IRF6
1	209815878	A	G	211	62130	58137	-0.13	0.00013	IRF6
1	209815878	A	T	79	24756	25164	-0.06	0.29186	IRF6
1	209815879	G	A	231	74078	66163	-0.12	0.00011	IRF6
1	209815879	G	C	38	13708	14282	-0.07	0.35724	IRF6
1	209815879	G	T	77	36967	43705	0.05	0.41141	IRF6
1	209815880	C	A	114	33569	32169	-0.02	0.58605	IRF6
1	209815880	C	G	24	8119	9417	0.13	0.19885	IRF6
1	209815880	C	T	153	47790	50254	-0.07	0.05819	IRF6
1	209815881	T	A	119	35049	38148	0.11	0.01718	IRF6
1	209815881	T	C	243	76249	80181	-0.08	0.01705	IRF6
1	209815881	T	G	61	14188	16896	0.02	0.77888	IRF6
1	209815882	T	A	158	53657	52969	-0.11	0.00518	IRF6
1	209815882	T	C	231	68667	82587	0.12	0.00017	IRF6
1	209815882	T	G	48	13169	13288	-0.05	0.45753	IRF6
1	209815883	T	-	9	507	590	-0.29	0.07482	IRF6
1	209815883	T	A	156	54918	62732	0.02	0.52509	IRF6
1	209815883	T	C	243	78697	73456	-0.05	0.15233	IRF6
1	209815883	T	G	21	5926	5045	-0.3	0.00505	IRF6
1	209815884	G	A	133	44808	40484	-0.15	0.00052	IRF6
1	209815884	G	C	33	10218	10598	-0.3	0.00035	IRF6
1	209815884	G	T	39	10355	8931	-0.2	0.00997	IRF6
1	209815885	G	-	20	2234	2059	-0.39	0.00029	IRF6
1	209815885	G	A	122	43721	39611	-0.18	5e-05	IRF6
1	209815885	G	C	30	7999	6605	-0.26	0.00282	IRF6
1	209815885	G	T	62	16917	14752	-0.33	0	IRF6
1	209815886	A	C	17	4727	3984	-0.33	0.00482	IRF6
1	209815886	A	G	223	69871	61230	-0.12	0.00018	IRF6
1	209815886	A	T	132	49371	41957	-0.15	0.00039	IRF6
1	209815887	A	C	34	14804	12190	-0.38	0	IRF6
1	209815887	A	G	277	89489	75443	-0.28	0	IRF6
1	209815887	A	T	156	47482	41693	-0.14	0.00024	IRF6
1	209815888	T	A	110	40639	45708	-0.07	0.15741	IRF6
1	209815888	T	C	170	51134	40941	-0.34	0	IRF6
1	209815888	T	G	12	3470	2985	-0.28	0.04954	IRF6
1	209815889	G	A	154	47958	43606	-0.3	0	IRF6
1	209815889	G	C	78	28353	25771	-0.13	0.02332	IRF6
1	209815889	G	T	18	3094	3705	0	0.97236	IRF6
1	209815890	T	A	154	52992	48386	-0.1	0.01178	IRF6
1	209815890	T	C	265	78564	90085	0.08	0.00568	IRF6
1	209815890	T	G	30	8416	8205	-0.22	0.01359	IRF6
1	209815891	T	-	3	125	112	-0.04	0.87589	IRF6
1	209815891	T	A	78	23063	24671	0.01	0.87391	IRF6
1	209815891	T	C	165	50637	97121	0.85	0	IRF6
1	209815891	T	G	12	4658	5067	0.17	0.22376	IRF6
1	209815892	A	C	15	4622	4941	0.03	0.80599	IRF6
1	209815892	A	G	150	41818	47395	0.06	0.13582	IRF6
1	209815892	A	T	99	39944	43230	0.16	0.00071	IRF6
1	209815893	A	-	3	319	301	0.05	0.85251	IRF6
1	209815893	A	C	12	5945	6940	0	0.98127	IRF6
1	209815893	A	G	153	49115	53352	0.05	0.22906	IRF6
1	209815893	A	T	173	59798	60078	0.05	0.16876	IRF6
1	209815894	T	A	118	40484	36822	-0.07	0.10101	IRF6
1	209815894	T	C	201	73354	79024	-0.03	0.46357	IRF6
1	209815894	T	G	6	4125	6125	0.17	0.37613	IRF6
1	209815895	C	A	65	24000	21960	-0.02	0.71713	IRF6
1	209815895	C	G	18	5968	4265	-0.11	0.3321	IRF6
1	209815895	C	T	103	32987	30740	-0.13	0.00981	IRF6
1	209815896	T	A	186	60945	87690	0.42	0	IRF6
1	209815896	T	C	233	70228	73493	0	0.96434	IRF6
1	209815896	T	G	39	10941	10356	-0.21	0.0078	IRF6
1	209815897	T	-	25	2104	2693	0.13	0.20821	IRF6
1	209815897	T	A	66	20307	22376	0.05	0.40788	IRF6
1	209815897	T	C	203	67966	73141	0.05	0.15098	IRF6
1	209815897	T	G	21	9014	5661	-0.38	3e-04	IRF6
1	209815898	A	C	21	4941	6618	0.05	0.63815	IRF6
1	209815898	A	G	124	30601	36991	0.19	2e-05	IRF6
1	209815898	A	T	76	24591	26526	0.02	0.6578	IRF6
1	209815899	C	A	38	11984	12519	-0.09	0.25457	IRF6
1	209815899	C	G	86	27233	28356	0.08	0.13497	IRF6
1	209815899	C	T	152	45980	47656	0.05	0.20372	IRF6
1	209815900	C	A	120	36485	41602	-0.06	0.16416	IRF6
1	209815900	C	G	15	4645	6106	0.29	0.02285	IRF6
1	209815900	C	T	174	69854	69050	0.03	0.42514	IRF6
1	209815901	C	-	12	759	998	-0.25	0.08616	IRF6
1	209815901	C	A	27	7119	8741	-0.05	0.60129	IRF6
1	209815901	C	G	21	11217	13118	0.13	0.21686	IRF6
1	209815901	C	T	146	36957	43558	0.07	0.09183	IRF6
1	209815902	A	-	3	837	1069	0.08	0.76291	IRF6
1	209815902	A	C	36	9517	10160	0.07	0.36084	IRF6
1	209815902	A	G	192	65947	68848	0.07	0.0652	IRF6
1	209815902	A	T	150	51145	62184	0.11	0.00472	IRF6
1	209815903	A	C	39	10319	12730	0.26	0.00116	IRF6
1	209815903	A	G	260	86513	93065	0.02	0.47424	IRF6
1	209815903	A	T	143	45326	50799	-0.11	0.01023	IRF6
1	209815904	A	-	12	726	646	-0.36	0.00825	IRF6
1	209815904	A	C	51	13925	15614	0.25	0.00026	IRF6
1	209815904	A	G	198	66392	68978	-0.06	0.09308	IRF6
1	209815904	A	T	93	27644	34396	0.24	0	IRF6
1	209815905	G	A	71	18362	17277	-0.08	0.18462	IRF6
1	209815905	G	C	9	4444	4743	0.15	0.36092	IRF6
1	209815905	G	T	113	31325	35852	0.06	0.17687	IRF6
1	209815906	G	-	3	189	177	-0.22	0.41499	IRF6
1	209815906	G	A	183	63743	57984	-0.14	9e-05	IRF6
1	209815906	G	C	39	8684	10598	0.15	0.05205	IRF6
1	209815906	G	T	35	15211	24307	0.21	0.01013	IRF6
1	209815907	C	A	18	3878	3271	-0.06	0.59467	IRF6
1	209815907	C	G	24	6825	7864	0.02	0.87491	IRF6
1	209815907	C	T	165	56483	59247	0.08	0.03793	IRF6
1	209815908	C	A	135	47551	63293	0.22	0	IRF6
1	209815908	C	G	21	5882	6267	0.18	0.09247	IRF6
1	209815908	C	T	93	28290	29539	0.01	0.77888	IRF6
1	209815909	T	A	151	51795	53985	0.08	0.0405	IRF6
1	209815909	T	C	282	89228	95757	0.01	0.71019	IRF6
1	209815909	T	G	24	6139	9455	0.93	0	IRF6
1	209815910	G	A	92	26747	28502	-0.2	9e-05	IRF6
1	209815910	G	C	24	5809	6060	0.23	0.02077	IRF6
1	209815910	G	T	26	7705	8814	0.03	0.7624	IRF6
1	209815911	A	C	27	7486	7620	-0.01	0.94118	IRF6
1	209815911	A	G	183	65279	64109	0	0.93716	IRF6
1	209815911	A	T	153	49492	56403	0.11	0.0038	IRF6
1	209815912	A	C	37	8768	21503	1.25	0	IRF6
1	209815912	A	G	244	71394	77574	0.18	0	IRF6
1	209815912	A	T	130	46395	71556	0.55	0	IRF6
1	209815913	G	A	196	60530	66281	-0.02	0.65834	IRF6
1	209815913	G	C	54	12187	11169	-0.04	0.55071	IRF6
1	209815913	G	T	68	20931	20965	-0.21	0.00047	IRF6
1	209815914	T	A	123	44214	58558	0.14	0.00131	IRF6
1	209815914	T	C	145	47515	69214	0.34	0	IRF6
1	209815914	T	G	9	1156	1285	-0.04	0.79894	IRF6
1	209815915	A	C	9	2997	3257	0.08	0.62372	IRF6
1	209815915	A	G	141	49533	48491	-0.11	0.00659	IRF6
1	209815915	A	T	42	12725	13974	-0.26	0.00071	IRF6
1	209815916	A	-	6	529	559	-0.1	0.61206	IRF6
1	209815916	A	C	30	8687	8582	0.03	0.71238	IRF6
1	209815916	A	G	238	75948	75045	-0.05	0.11846	IRF6
1	209815916	A	T	104	33399	33995	-0.04	0.45716	IRF6
1	209815917	T	A	63	15634	19941	0.14	0.01969	IRF6
1	209815917	T	C	177	55863	64442	0.18	0	IRF6
1	209815917	T	G	9	1692	1445	-0.44	0.00581	IRF6
1	209815918	A	C	3	680	780	0.07	0.80668	IRF6
1	209815918	A	G	129	40254	41710	0.05	0.23844	IRF6
1	209815918	A	T	76	25148	28112	0.05	0.37865	IRF6
1	209815919	C	A	48	14585	14306	0.06	0.42762	IRF6
1	209815919	C	G	96	24129	25980	0.1	0.05346	IRF6
1	209815919	C	T	303	85044	91941	0.03	0.23183	IRF6
1	209815920	C	A	104	32007	36594	0.01	0.85814	IRF6
1	209815920	C	G	33	10742	16491	0.23	0.00737	IRF6
1	209815920	C	T	141	55891	60205	0.06	0.13312	IRF6
1	209815921	C	A	103	25710	33114	0.23	0	IRF6
1	209815921	C	G	45	18196	26175	0.37	0	IRF6
1	209815921	C	T	122	37306	40039	0.06	0.15674	IRF6
1	209815922	C	-	33	4125	4652	0.03	0.69143	IRF6
1	209815922	C	A	18	7820	8031	-0.02	0.85785	IRF6
1	209815922	C	G	27	7876	7775	0.03	0.73636	IRF6
1	209815922	C	T	138	44039	67230	-0.04	0.39857	IRF6
1	209815923	A	C	36	11947	14566	0.11	0.16184	IRF6
1	209815923	A	G	221	76926	77198	0	0.89889	IRF6
1	209815923	A	T	121	41426	34864	-0.25	0	IRF6
1	209815924	G	A	102	34879	43409	-0.08	0.08353	IRF6
1	209815924	G	C	33	9247	10183	-0.03	0.73978	IRF6
1	209815924	G	T	218	61335	59613	-0.16	0	IRF6
1	209815925	A	C	24	9946	7677	-0.33	0.00147	IRF6
1	209815925	A	G	151	57523	57454	-0.08	0.06028	IRF6
1	209815925	A	T	70	23804	22816	-0.09	0.12631	IRF6
1	209815926	A	C	5	1135	1124	0.19	0.39562	IRF6
1	209815926	A	G	239	83380	94787	0.21	0	IRF6
1	209815926	A	T	207	70625	73189	0.04	0.23088	IRF6
1	209815927	T	A	102	28123	28436	0.1	0.03449	IRF6
1	209815927	T	C	247	89384	118317	0.05	0.08251	IRF6
1	209815927	T	G	21	7060	7987	0.05	0.65764	IRF6
1	209815928	G	A	185	61382	65306	0.12	0.00071	IRF6
1	209815928	G	C	57	21066	32846	0	0.99233	IRF6
1	209815928	G	T	12	2670	2666	-0.14	0.31783	IRF6
1	209815929	T	A	138	52695	57694	0.15	0.00044	IRF6
1	209815929	T	C	256	88471	94669	0.06	0.0346	IRF6
1	209815929	T	G	25	9997	15443	0.19	0.05914	IRF6
1	209815930	G	A	140	45912	60616	0.31	0	IRF6
1	209815930	G	C	33	14642	27805	0.42	0	IRF6
1	209815930	G	T	41	11862	14707	0.01	0.91734	IRF6
1	209815931	A	C	14	3496	4027	0.24	0.06239	IRF6
1	209815931	A	G	288	83732	94187	0.08	0.00565	IRF6
1	209815931	A	T	84	29963	35004	-0.03	0.53021	IRF6
1	209815932	A	C	21	5203	5616	0.11	0.29049	IRF6
1	209815932	A	G	305	88551	103231	0.19	0	IRF6
1	209815932	A	T	147	44354	51933	0.14	0.00033	IRF6
1	209815933	C	A	39	15425	16259	0.07	0.4048	IRF6
1	209815933	C	G	48	10621	18690	0.21	0.00246	IRF6
1	209815933	C	T	182	52158	52368	0.02	0.49626	IRF6
1	209815934	A	C	36	9817	10278	-0.02	0.76871	IRF6
1	209815934	A	G	224	67234	72677	0.06	0.08331	IRF6
1	209815934	A	T	177	65196	76138	0.12	0.00092	IRF6
1	209815935	T	A	116	37607	37501	0.02	0.58786	IRF6
1	209815935	T	C	237	76461	96380	0.23	0	IRF6
1	209815935	T	G	39	12070	15944	0.39	0	IRF6
1	209815936	G	A	204	67680	72291	0	0.89889	IRF6
1	209815936	G	C	66	24604	30582	0.21	0.00052	IRF6
1	209815936	G	T	15	5316	5080	0.06	0.63135	IRF6
1	209815937	T	A	125	36684	39114	0.09	0.05193	IRF6
1	209815937	T	C	299	100275	136021	0.42	0	IRF6
1	209815937	T	G	46	9456	10630	0.26	0.00056	IRF6
1	209815938	G	A	199	55223	57369	0.07	0.04688	IRF6
1	209815938	G	C	45	19491	24665	0.2	0.00523	IRF6
1	209815938	G	T	24	7163	7305	-0.11	0.25737	IRF6
1	209815939	T	A	115	39894	41594	0.11	0.01686	IRF6
1	209815939	T	C	348	112450	117361	-0.06	0.03235	IRF6
1	209815939	T	G	51	18268	23121	0.1	0.1439	IRF6
1	209815940	G	A	97	29705	30849	0.11	0.03298	IRF6
1	209815940	G	C	30	7643	12037	0.4	1e-05	IRF6
1	209815940	G	T	24	6675	6746	-0.03	0.72645	IRF6
1	209815941	A	C	33	13826	14874	0.22	0.00766	IRF6
1	209815941	A	G	268	96096	124608	0.18	0	IRF6
1	209815941	A	T	142	36645	50002	0.24	0	IRF6
1	209815942	C	A	27	4152	5654	0.2	0.04479	IRF6
1	209815942	C	G	48	23401	30771	0.21	0.00322	IRF6
1	209815942	C	T	206	73299	86582	0.2	0	IRF6
1	209815943	C	-	18	1607	2099	0.15	0.18284	IRF6
1	209815943	C	A	36	11748	11138	0.06	0.44509	IRF6
1	209815943	C	G	30	11244	10681	0.31	0.00056	IRF6
1	209815943	C	T	147	53264	61634	0.05	0.21196	IRF6
1	209815944	A	C	18	8722	9035	-0.04	0.74801	IRF6
1	209815944	A	G	144	41605	43904	0.1	0.01712	IRF6
1	209815944	A	T	188	52755	69330	0.18	0	IRF6
1	209815945	T	-	3	193	266	0.43	0.1129	IRF6
1	209815945	T	A	99	30478	37012	0.01	0.81889	IRF6
1	209815945	T	C	164	54870	57337	0.06	0.12879	IRF6
1	209815945	T	G	24	6188	10837	0.34	0.00061	IRF6
1	209815946	C	A	120	39746	39283	-0.19	3e-05	IRF6
1	209815946	C	G	21	4387	4237	-0.26	0.01297	IRF6
1	209815946	C	T	105	29749	28933	-0.05	0.27399	IRF6
1	209815947	T	A	158	53853	58223	0.06	0.13145	IRF6
1	209815947	T	C	266	89242	101224	0.24	0	IRF6
1	209815947	T	G	48	16034	19394	0.15	0.03627	IRF6
1	209815948	G	A	187	67970	71526	-0.01	0.85905	IRF6
1	209815948	G	C	18	8927	8940	0.12	0.30273	IRF6
1	209815948	G	T	18	5083	6493	0.31	0.00568	IRF6
1	209815949	C	A	48	21394	26682	0.23	0.00077	IRF6
1	209815949	C	G	45	13027	18110	0.18	0.01159	IRF6
1	209815949	C	T	158	45726	50904	0.06	0.14303	IRF6
1	209815950	C	A	102	30640	30102	0.03	0.60097	IRF6
1	209815950	C	G	18	6417	9649	0.29	0.00932	IRF6
1	209815950	C	T	124	48118	64625	0.15	0.00071	IRF6
1	209815951	T	A	169	50495	57418	0.12	0.00231	IRF6
1	209815951	T	C	285	86188	104943	0.22	0	IRF6
1	209815951	T	G	54	18385	26576	0.33	0	IRF6
1	209815952	G	A	210	64932	69432	0.01	0.83184	IRF6
1	209815952	G	C	61	18411	21002	0.02	0.76508	IRF6
1	209815952	G	T	30	11406	11158	-0.23	0.0099	IRF6
1	209815953	T	A	139	54508	59622	0.13	0.00126	IRF6
1	209815953	T	C	259	97835	118811	0.06	0.03672	IRF6
1	209815953	T	G	18	6551	6651	0.06	0.56895	IRF6
1	209815954	C	A	33	12506	11627	-0.13	0.12414	IRF6
1	209815954	C	G	3	1163	1595	-0.14	0.59757	IRF6
1	209815954	C	T	75	24537	24536	-0.06	0.26761	IRF6
1	209815955	C	A	204	70518	68689	-0.11	0.00215	IRF6
1	209815955	C	G	36	15402	20367	0.11	0.16407	IRF6
1	209815955	C	T	121	46597	48801	-0.05	0.26732	IRF6
1	209815956	T	A	143	51742	55812	-0.01	0.79405	IRF6
1	209815956	T	C	195	64953	71389	0.04	0.29868	IRF6
1	209815956	T	G	41	11472	13145	0.1	0.1681	IRF6
1	209815957	G	A	110	43672	40124	-0.02	0.68238	IRF6
1	209815957	G	C	24	10076	10110	0.08	0.41716	IRF6
1	209815957	G	T	69	22144	20380	0.05	0.43337	IRF6
1	209815958	G	A	218	75243	73499	0.01	0.78914	IRF6
1	209815958	G	C	9	2516	3064	0.19	0.23605	IRF6
1	209815958	G	T	59	19360	26110	-0.05	0.41344	IRF6
1	209815959	G	A	150	49406	50140	-0.02	0.60452	IRF6
1	209815959	G	C	18	4599	5635	0.22	0.05274	IRF6
1	209815959	G	T	147	51635	47607	-0.07	0.09344	IRF6
1	209815960	G	A	213	66381	67879	-0.14	2e-05	IRF6
1	209815960	G	C	63	26880	31190	0.32	0	IRF6
1	209815960	G	T	156	44750	45498	0.04	0.28812	IRF6
1	209815961	G	-	47	4410	4729	-0.19	0.00596	IRF6
1	209815961	G	A	296	97140	107895	-0.05	0.06569	IRF6
1	209815961	G	C	89	30142	27056	-0.02	0.66083	IRF6
1	209815961	G	T	54	18232	16327	-0.03	0.64201	IRF6
1	209815962	T	A	189	63388	73421	0.13	0.00014	IRF6
1	209815962	T	C	173	54144	57970	0	0.94248	IRF6
1	209815962	T	G	45	13077	13340	0.01	0.93219	IRF6
1	209815963	G	A	174	67435	66042	0.01	0.73206	IRF6
1	209815963	G	C	28	7522	9915	0.2	0.02958	IRF6
1	209815963	G	T	24	13714	11466	-0.02	0.87441	IRF6
1	209815964	G	A	129	46836	54125	0.04	0.30189	IRF6
1	209815964	G	C	18	5995	6106	-0.1	0.36461	IRF6
1	209815964	G	T	115	37655	44374	-0.07	0.12462	IRF6
1	209815965	G	-	23	2135	2642	0.32	0.00179	IRF6
1	209815965	G	A	87	26881	28356	0.04	0.50174	IRF6
1	209815965	G	C	27	6482	5806	0.18	0.04817	IRF6
1	209815965	G	T	41	10501	11102	0.03	0.69948	IRF6
1	209815966	A	C	16	8158	9011	0.17	0.14802	IRF6
1	209815966	A	G	261	90474	100034	0.17	0	IRF6
1	209815966	A	T	75	21395	20794	0.03	0.53466	IRF6
1	209815967	A	C	42	15379	14759	0.08	0.30467	IRF6
1	209815967	A	G	307	92029	90726	-0.06	0.02469	IRF6
1	209815967	A	T	132	43596	51545	0.02	0.61566	IRF6
1	209815968	G	A	105	33517	34237	0.01	0.77664	IRF6
1	209815968	G	C	11	2518	854	-0.3	0.04386	IRF6
1	209815968	G	T	56	20633	20567	0.15	0.02033	IRF6
1	209815969	A	-	1	1	1	0.06	0.89354	IRF6
1	209815969	A	C	15	4414	4924	0.66	0	IRF6
1	209815969	A	G	171	55792	81787	0.07	0.05384	IRF6
1	209815969	A	T	93	28383	28465	-0.04	0.37729	IRF6
1	209815970	A	-	7	89	82	-0.19	0.30044	IRF6
1	209815970	A	C	33	18662	19067	-0.01	0.89392	IRF6
1	209815970	A	G	242	77485	77513	-0.03	0.39324	IRF6
1	209815970	A	T	120	32171	32134	-0.11	0.01049	IRF6
1	209815971	G	A	89	27624	29801	0.12	0.01781	IRF6
1	209815971	G	C	18	6254	7792	0.43	0.00017	IRF6
1	209815971	G	T	71	19644	28294	0.12	0.04206	IRF6
1	209815972	G	-	3	213	228	-0.33	0.24062	IRF6
1	209815972	G	A	256	103923	98988	-0.04	0.1499	IRF6
1	209815972	G	C	26	7314	6743	0.06	0.5152	IRF6
1	209815972	G	T	45	16269	17272	0.05	0.50046	IRF6
1	209815973	C	A	18	7162	7451	-0.03	0.82083	IRF6
1	209815973	C	G	15	4943	4575	-0.18	0.14353	IRF6
1	209815973	C	T	186	55651	54943	-0.04	0.25985	IRF6
1	209815974	A	C	6	1311	1403	0.01	0.95858	IRF6
1	209815974	A	G	263	79909	79988	0	0.9294	IRF6
1	209815974	A	T	147	52443	49755	-0.05	0.23163	IRF6
1	209815975	G	A	267	89828	85412	-0.09	0.00249	IRF6
1	209815975	G	C	58	20642	20543	-0.05	0.43258	IRF6
1	209815975	G	T	87	26512	28850	0.03	0.59037	IRF6
1	209815976	C	A	21	7886	7465	-0.02	0.86671	IRF6
1	209815976	C	G	30	10878	10910	-0.01	0.90119	IRF6
1	209815976	C	T	159	50469	50469	-0.03	0.44309	IRF6
1	209815977	A	C	30	8675	9381	0.06	0.48539	IRF6
1	209815977	A	G	188	54228	60510	-0.01	0.81206	IRF6
1	209815977	A	T	139	43203	46607	0.08	0.06779	IRF6
1	209815978	T	A	113	47811	51921	-0.01	0.8803	IRF6
1	209815978	T	C	214	64462	65582	-0.01	0.72642	IRF6
1	209815978	T	G	27	7747	6732	-0.07	0.49288	IRF6
1	209815979	G	A	292	100114	97498	-0.07	0.00999	IRF6
1	209815979	G	C	45	17826	18397	-0.08	0.30933	IRF6
1	209815979	G	T	39	15703	25689	0.15	0.04838	IRF6
1	209815980	C	A	155	47719	46967	-0.01	0.76462	IRF6
1	209815980	C	G	31	9174	11763	0.17	0.04771	IRF6
1	209815980	C	T	244	79262	81102	0.06	0.04487	IRF6
1	209815981	T	A	93	27186	31823	0.07	0.14007	IRF6
1	209815981	T	C	244	89619	116850	0.38	0	IRF6
1	209815981	T	G	18	4576	4366	0.12	0.30336	IRF6
1	209815982	C	A	224	73389	76197	-0.09	0.00841	IRF6
1	209815982	C	G	6	2425	2333	-0.02	0.90904	IRF6
1	209815982	C	T	147	42559	44672	-0.15	0.00031	IRF6
1	209815983	T	A	41	15121	16714	0.01	0.92393	IRF6
1	209815983	T	C	190	59853	65765	0.16	2e-05	IRF6
1	209815983	T	G	21	7525	8777	0.23	0.02967	IRF6
1	209815984	A	C	9	2519	2748	0.2	0.22552	IRF6
1	209815984	A	G	169	60107	61408	0.05	0.18728	IRF6
1	209815984	A	T	60	21467	25423	0.07	0.30138	IRF6
1	209815985	T	A	111	47100	48193	0.06	0.163	IRF6
1	209815985	T	C	197	68466	77465	0.02	0.66644	IRF6
1	209815985	T	G	12	3191	3379	-0.16	0.23965	IRF6
1	209815986	C	A	36	6827	6994	0.15	0.07533	IRF6
1	209815986	C	G	6	1638	1389	-0.08	0.71257	IRF6
1	209815986	C	T	96	28335	26214	-0.02	0.71857	IRF6
1	209815987	C	A	125	44057	42525	-0.04	0.34274	IRF6
1	209815987	C	G	33	6723	7834	0.05	0.52098	IRF6
1	209815987	C	T	99	41854	46005	0.03	0.59676	IRF6
1	209815988	T	A	110	37721	39509	0.01	0.76375	IRF6
1	209815988	T	C	246	66731	69820	0.05	0.10538	IRF6
1	209815988	T	G	30	10231	11634	0.18	0.04371	IRF6
1	209815989	T	-	3	42	79	0.82	0.0035	IRF6
1	209815989	T	A	118	31719	33695	0.04	0.43577	IRF6
1	209815989	T	C	271	93511	102744	0.02	0.55205	IRF6
1	209815989	T	G	18	6474	7420	0.17	0.15467	IRF6
1	209815990	G	A	134	56727	64035	-0.04	0.29625	IRF6
1	209815990	G	C	14	3254	3956	0.12	0.35048	IRF6
1	209815990	G	T	15	2869	5957	0.13	0.31198	IRF6
1	209815991	A	C	36	19112	16831	-0.08	0.32253	IRF6
1	209815991	A	G	186	60632	65372	-0.09	0.01107	IRF6
1	209815991	A	T	102	28904	32371	0	0.99999	IRF6
1	209815992	C	A	27	8677	8437	-0.13	0.15651	IRF6
1	209815992	C	G	32	6992	5510	-0.13	0.15038	IRF6
1	209815992	C	T	166	46682	44820	-0.06	0.0967	IRF6
1	209815993	C	A	120	38447	40060	-0.09	0.05504	IRF6
1	209815993	C	G	24	7015	8714	0.08	0.44421	IRF6
1	209815993	C	T	147	46664	45655	-0.12	0.00349	IRF6
1	209815994	C	-	11	602	708	0.03	0.8402	IRF6
1	209815994	C	A	146	50043	44968	-0.25	0	IRF6
1	209815994	C	G	39	8683	8352	-0.11	0.16606	IRF6
1	209815994	C	T	154	48744	48027	-0.03	0.52031	IRF6
1	209815995	T	A	94	26878	35546	0	0.93606	IRF6
1	209815995	T	C	216	71678	74722	0.1	0.00307	IRF6
1	209815995	T	G	36	8683	8340	-0.11	0.18374	IRF6
1	209815996	G	A	114	39946	40251	-0.1	0.03549	IRF6
1	209815996	G	C	33	8696	8296	-0.04	0.62203	IRF6
1	209815996	G	T	33	9772	9820	-0.17	0.04544	IRF6
1	209815997	A	C	21	6800	5166	-0.27	0.01164	IRF6
1	209815997	A	G	164	45940	50490	0.08	0.02787	IRF6
1	209815997	A	T	195	63948	62386	-0.1	0.00507	IRF6
1	209815998	T	A	97	27973	30633	0.04	0.35923	IRF6
1	209815998	T	C	220	77392	88625	0.1	0.00386	IRF6
1	209815998	T	G	9	3136	3748	0.14	0.46029	IRF6
1	209815999	T	-	3	404	372	-0.03	0.89891	IRF6
1	209815999	T	A	117	30483	28396	-0.08	0.09414	IRF6
1	209815999	T	C	200	60619	65213	-0.04	0.27075	IRF6
1	209815999	T	G	21	5078	5622	-0.2	0.07254	IRF6
1	209816000	G	A	101	37566	43749	0.15	0.00279	IRF6
1	209816000	G	C	9	2561	3368	-0.16	0.34946	IRF6
1	209816000	G	T	36	9758	9503	0.14	0.11045	IRF6
1	209816001	A	C	21	5279	6330	0.15	0.14256	IRF6
1	209816001	A	G	195	54723	63543	0.12	0.00078	IRF6
1	209816001	A	T	78	32143	39561	0.21	0.00014	IRF6
1	209816002	G	A	179	52531	55197	0.03	0.41288	IRF6
1	209816002	G	C	23	6974	9323	0.13	0.18256	IRF6
1	209816002	G	T	88	34722	32759	0.02	0.73532	IRF6
1	209816003	C	A	60	16283	15556	-0.04	0.48173	IRF6
1	209816003	C	G	53	12421	11481	-0.23	0.00052	IRF6
1	209816003	C	T	253	89394	86099	-0.08	0.0117	IRF6
1	209816004	C	A	99	30000	27642	-0.11	0.02206	IRF6
1	209816004	C	G	12	5260	4951	-0.32	0.02164	IRF6
1	209816004	C	T	125	43851	43266	-0.07	0.09611	IRF6
1	209816005	C	-	12	830	583	-0.02	0.88518	IRF6
1	209816005	C	A	30	14675	13123	-0.24	0.00746	IRF6
1	209816005	C	G	12	2931	2752	-0.34	0.01624	IRF6
1	209816005	C	T	121	34244	32907	-0.21	0	IRF6
1	209816006	A	C	36	10630	13944	0.28	0.00048	IRF6
1	209816006	A	G	195	67833	73606	0.15	2e-05	IRF6
1	209816006	A	T	105	36602	46071	0.29	0	IRF6
1	209816007	G	A	110	33590	32613	-0.07	0.12908	IRF6
1	209816007	G	C	12	2821	2373	-0.11	0.43999	IRF6
1	209816007	G	T	118	43260	41266	-0.12	0.00623	IRF6
1	209816008	G	A	183	63453	64694	0.01	0.7387	IRF6
1	209816008	G	C	9	2760	3505	0.3	0.0615	IRF6
1	209816008	G	T	77	27838	26873	-0.03	0.5468	IRF6
1	209816009	G	A	129	33775	34457	-0.09	0.03804	IRF6
1	209816009	G	C	27	7642	7428	-0.03	0.72495	IRF6
1	209816009	G	T	99	37610	34997	-0.09	0.06289	IRF6
1	209816010	G	-	12	2144	1529	-0.32	0.02295	IRF6
1	209816010	G	A	273	89177	106948	-0.1	0.00099	IRF6
1	209816010	G	C	58	17611	24049	-0.1	0.10754	IRF6
1	209816010	G	T	55	15621	14994	-0.06	0.40413	IRF6
1	209816011	C	A	98	31894	30275	-0.21	3e-05	IRF6
1	209816011	C	G	33	9053	9538	-0.01	0.92804	IRF6
1	209816011	C	T	149	54668	60767	-0.15	0.00013	IRF6
1	209816012	T	A	129	33651	40860	-0.04	0.32603	IRF6
1	209816012	T	C	274	102273	102838	0.04	0.207	IRF6
1	209816012	T	G	21	6607	7019	0.01	0.90794	IRF6
1	209816013	G	A	165	55834	64832	0.14	0.00025	IRF6
1	209816013	G	C	27	9569	10888	0.01	0.91558	IRF6
1	209816013	G	T	30	9899	9862	0.01	0.90637	IRF6
1	209816014	A	C	6	3786	1424	-1.92	0	IRF6
1	209816014	A	G	205	73386	72968	0.06	0.06108	IRF6
1	209816014	A	T	123	42359	44829	0.01	0.86136	IRF6
1	209816015	A	-	1	11	9	-2.19	2e-05	IRF6
1	209816015	A	C	6	2207	1392	-0.01	0.94296	IRF6
1	209816015	A	G	307	112258	110010	0	0.87816	IRF6
1	209816015	A	T	140	47823	48313	0	0.90861	IRF6
1	209816016	T	A	111	33881	43887	0.23	0	IRF6
1	209816016	T	C	196	60103	58091	-0.08	0.02338	IRF6
1	209816016	T	G	24	9908	10307	-0.08	0.41907	IRF6
1	209816017	C	A	112	32559	32529	-0.11	0.01984	IRF6
1	209816017	C	G	15	6914	7057	-0.21	0.10556	IRF6
1	209816017	C	T	108	38835	39204	0	0.95458	IRF6
1	209816018	T	A	116	36054	40941	0.14	0.00166	IRF6
1	209816018	T	C	270	84971	107712	0.1	0.00064	IRF6
1	209816018	T	G	27	14130	16421	0.2	0.03483	IRF6
1	209816019	G	A	15	947	1240	-0.51	5e-05	IRF6
1	209816019	G	C	28	8568	7926	-0.07	0.4797	IRF6
1	209816019	G	T	39	14377	14433	-0.06	0.43595	IRF6
1	209816020	G	-	16	847	1022	0.26	0.03941	IRF6
1	209816020	G	A	152	59374	130178	1.03	0	IRF6
1	209816020	G	C	6	2681	2255	-0.32	0.10168	IRF6
1	209816020	G	T	42	14190	13748	-0.05	0.50581	IRF6
1	209816021	A	-	3	786	875	0.06	0.85356	IRF6
1	209816021	A	C	21	6225	7946	-0.12	0.28064	IRF6
1	209816021	A	G	262	88020	101642	0.13	2e-05	IRF6
1	209816021	A	T	75	30538	28323	0	0.99712	IRF6
1	209816022	G	A	174	54364	54344	0.03	0.37402	IRF6
1	209816022	G	C	32	10430	10197	0.03	0.71337	IRF6
1	209816022	G	T	71	19110	21533	0	0.93996	IRF6
1	209816023	C	A	93	30833	35660	0.01	0.82492	IRF6
1	209816023	C	G	6	1938	2036	-0.23	0.28032	IRF6
1	209816023	C	T	160	44830	50073	0.07	0.0885	IRF6
1	209816024	T	A	119	33090	36463	-0.02	0.67416	IRF6
1	209816024	T	C	225	69157	71827	-0.03	0.32604	IRF6
1	209816024	T	G	59	18250	19175	0.05	0.47752	IRF6
1	209816025	T	A	149	60179	58267	-0.11	0.00513	IRF6
1	209816025	T	C	271	86910	89260	0.05	0.11046	IRF6
1	209816025	T	G	51	23877	25324	-0.02	0.79106	IRF6
1	209816026	T	A	131	40465	49783	-0.03	0.43231	IRF6
1	209816026	T	C	214	70057	74395	0.09	0.00701	IRF6
1	209816026	T	G	48	12108	12533	0.09	0.2228	IRF6
1	209816027	G	A	153	47725	49527	0.01	0.80854	IRF6
1	209816027	G	C	21	6646	8332	0.09	0.4257	IRF6
1	209816027	G	T	39	13589	11722	-0.07	0.33716	IRF6
1	209816028	G	A	116	36240	35115	-0.04	0.39252	IRF6
1	209816028	G	C	27	9280	10024	0	0.9979	IRF6
1	209816028	G	T	83	33989	42852	0.26	0	IRF6
1	209816029	G	A	116	45500	58161	0.23	0	IRF6
1	209816029	G	C	21	5110	9274	0.61	0	IRF6
1	209816029	G	T	66	15637	15622	0.19	0.00119	IRF6
1	209816030	G	-	48	4682	4585	-0.17	0.01458	IRF6
1	209816030	G	A	173	52658	52794	-0.12	0.00137	IRF6
1	209816030	G	C	36	9411	10589	0.35	4e-05	IRF6
1	209816030	G	T	40	14613	16184	0.09	0.22931	IRF6
1	209816031	C	A	59	22041	18867	-0.07	0.24406	IRF6
1	209816031	C	G	51	16499	22319	0.29	2e-05	IRF6
1	209816031	C	T	236	68554	77179	0.06	0.06031	IRF6
1	209816032	C	-	3	142	91	-0.02	0.95022	IRF6
1	209816032	C	A	176	49816	55124	0.15	4e-05	IRF6
1	209816032	C	G	9	2392	2253	0.5	0.00201	IRF6
1	209816032	C	T	128	40779	44352	0.07	0.10234	IRF6
1	209816033	T	A	139	48228	48401	0.08	0.04945	IRF6
1	209816033	T	C	247	79600	77419	0.05	0.08332	IRF6
1	209816033	T	G	35	12875	13944	0.05	0.51455	IRF6
1	209816034	G	A	99	33274	31145	-0.09	0.06485	IRF6
1	209816034	G	C	27	10390	11951	0.03	0.75217	IRF6
1	209816034	G	T	22	4231	3710	-0.21	0.03852	IRF6
1	209816035	G	A	129	48283	47165	-0.04	0.29756	IRF6
1	209816035	G	C	12	4021	4155	-0.02	0.90563	IRF6
1	209816035	G	T	99	30404	38218	-0.16	0.00168	IRF6
1	209816036	G	-	12	747	550	-0.32	0.02671	IRF6
1	209816036	G	A	133	46267	47342	-0.07	0.11489	IRF6
1	209816036	G	C	12	3894	4058	-0.02	0.88518	IRF6
1	209816036	G	T	57	19014	20239	0.12	0.06417	IRF6
1	209816037	A	C	25	9216	8467	0.16	0.10318	IRF6
1	209816037	A	G	253	75418	79651	-0.08	0.00567	IRF6
1	209816037	A	T	134	45070	40049	-0.08	0.06599	IRF6
1	209816038	A	C	21	5240	6082	0.03	0.80852	IRF6
1	209816038	A	G	269	89615	95592	0.15	0	IRF6
1	209816038	A	T	114	40673	43761	0.06	0.18011	IRF6
1	209816039	C	A	14	5345	5609	0.12	0.37253	IRF6
1	209816039	C	G	25	7821	9988	0.07	0.44702	IRF6
1	209816039	C	T	164	47910	50950	0.05	0.20758	IRF6
1	209816040	C	A	165	53157	44877	-0.2	0	IRF6
1	209816040	C	G	3	1457	1514	0	0.99976	IRF6
1	209816040	C	T	111	32547	33714	-0.2	2e-05	IRF6
1	209816041	T	A	137	47825	46709	-0.08	0.04584	IRF6
1	209816041	T	C	272	84215	100336	0.02	0.44168	IRF6
1	209816041	T	G	33	17146	17569	0.03	0.6985	IRF6
1	209816042	C	A	142	43612	41514	-0.01	0.87782	IRF6
1	209816042	C	G	2	35	29	-0.54	0.11335	IRF6
1	209816042	C	T	130	37604	38196	-0.04	0.36835	IRF6
1	209816043	T	A	94	38080	38013	0.02	0.70114	IRF6
1	209816043	T	C	232	84956	123378	0.44	0	IRF6
1	209816043	T	G	24	7100	7171	0.14	0.16196	IRF6
1	209816044	C	A	156	50518	40792	-0.31	0	IRF6
1	209816044	C	G	9	6643	5954	-0.07	0.64463	IRF6
1	209816044	C	T	103	37451	38218	0.05	0.30485	IRF6
1	209816045	T	A	78	21310	20154	0	0.98133	IRF6
1	209816045	T	C	148	44211	41812	-0.11	0.00796	IRF6
1	209816045	T	G	6	2926	2861	0.06	0.77273	IRF6
1	209816046	A	C	30	14563	11901	0.04	0.63237	IRF6
1	209816046	A	G	123	33560	32872	-0.13	0.00268	IRF6
1	209816046	A	T	78	26500	26143	0	0.93909	IRF6
1	209816047	C	A	47	17972	17829	-0.04	0.57477	IRF6
1	209816047	C	G	48	16425	18310	0.13	0.05611	IRF6
1	209816047	C	T	123	32908	34493	0	0.91746	IRF6
1	209816048	C	A	166	59223	59485	-0.06	0.11671	IRF6
1	209816048	C	G	51	21032	22536	0.11	0.10937	IRF6
1	209816048	C	T	149	53193	52260	-0.04	0.28818	IRF6
1	209816049	T	A	174	64901	57216	-0.2	0	IRF6
1	209816049	T	C	257	89879	82438	-0.13	4e-05	IRF6
1	209816049	T	G	36	10388	9581	-0.25	0.00165	IRF6
1	209816050	G	A	176	53887	62579	0.04	0.23855	IRF6
1	209816050	G	C	21	9756	9438	-0.15	0.15404	IRF6
1	209816050	G	T	12	4542	4027	-0.2	0.15137	IRF6
1	209816051	C	A	78	24576	23246	-0.02	0.72839	IRF6
1	209816051	C	G	27	10409	7560	-0.36	0.00016	IRF6
1	209816051	C	T	233	76162	73030	-0.19	0	IRF6
1	209816052	G	A	252	82433	77794	-0.11	0.00036	IRF6
1	209816052	G	C	62	17952	16581	-0.05	0.42839	IRF6
1	209816052	G	T	25	7076	5009	-0.15	0.13528	IRF6
1	209816053	T	A	100	35260	36150	-0.1	0.04334	IRF6
1	209816053	T	C	237	83463	82937	-0.05	0.11401	IRF6
1	209816053	T	G	39	12987	11697	-0.07	0.33516	IRF6
1	209816054	C	A	18	5485	7122	0.08	0.47114	IRF6
1	209816054	C	G	3	422	349	0.05	0.86058	IRF6
1	209816054	C	T	118	48981	48938	-0.1	0.03112	IRF6
1	209816055	A	C	25	6342	6902	-0.21	0.02736	IRF6
1	209816055	A	G	273	96211	88963	-0.04	0.2311	IRF6
1	209816055	A	T	198	59311	62033	-0.12	0.00086	IRF6
1	209816056	A	-	3	328	196	-0.74	0.023	IRF6
1	209816056	A	C	15	7074	8945	0.36	0.00364	IRF6
1	209816056	A	G	236	80716	88052	0.05	0.12336	IRF6
1	209816056	A	T	162	51110	63055	0.31	0	IRF6
1	209816057	T	A	127	47019	45025	-0.11	0.01344	IRF6
1	209816057	T	C	241	96261	86154	-0.02	0.53815	IRF6
1	209816057	T	G	27	6473	6556	-0.01	0.91956	IRF6
1	209816058	G	A	216	57542	61718	-0.03	0.33215	IRF6
1	209816058	G	C	45	18240	16459	-0.2	0.00684	IRF6
1	209816058	G	T	18	10937	10545	-0.26	0.02394	IRF6
1	209816059	T	A	109	36901	38317	-0.08	0.09055	IRF6
1	209816059	T	C	270	89169	99522	0.09	0.00151	IRF6
1	209816059	T	G	18	3956	3751	0.09	0.45104	IRF6
1	209816060	C	A	111	40020	33500	-0.34	0	IRF6
1	209816060	C	G	9	2714	2308	-0.29	0.07532	IRF6
1	209816060	C	T	108	35931	41056	-0.23	0	IRF6
1	209816061	T	A	217	77926	86908	-0.03	0.32804	IRF6
1	209816061	T	C	223	67745	79276	0.21	0	IRF6
1	209816061	T	G	36	12188	12389	-0.01	0.90973	IRF6
1	209816062	G	A	23	2131	426	-0.92	0	IRF6
1	209816062	G	C	9	2943	2432	-0.23	0.14739	IRF6
1	209816062	G	T	15	2831	2680	-0.2	0.10716	IRF6
1	209816063	G	-	19	674	632	-0.44	6e-05	IRF6
1	209816063	G	A	103	38062	35453	-0.08	0.08536	IRF6
1	209816063	G	T	45	15854	12958	-0.14	0.04911	IRF6
1	209816064	A	C	21	6144	7495	0.22	0.03689	IRF6
1	209816064	A	G	271	89758	90215	-0.04	0.14807	IRF6
1	209816064	A	T	78	24740	21500	-0.19	0.00055	IRF6
1	209816065	G	A	85	31323	35388	0.09	0.08271	IRF6
1	209816065	G	C	6	2126	2645	0.08	0.67595	IRF6
1	209816065	G	T	91	30861	34022	-0.12	0.02213	IRF6
1	209816066	G	A	229	75043	78110	-0.04	0.23993	IRF6
1	209816066	G	C	25	7687	8546	0	0.98062	IRF6
1	209816066	G	T	38	7966	7537	0.03	0.74383	IRF6
1	209816067	C	A	33	13616	11885	0.07	0.434	IRF6
1	209816067	C	T	177	48149	52280	-0.02	0.56239	IRF6
1	209816068	C	A	95	32579	36429	0.2	4e-05	IRF6
1	209816068	C	G	3	614	557	0.61	0.04011	IRF6
1	209816068	C	T	75	22909	28265	0.17	0.00207	IRF6
1	209816069	C	-	1	1	1	-0.74	0.11557	IRF6
1	209816069	C	A	117	38018	36883	0.06	0.20749	IRF6
1	209816069	C	G	15	4781	5363	0.2	0.11135	IRF6
1	209816069	C	T	66	22393	23712	-0.08	0.20004	IRF6
1	209816070	T	A	123	44305	44223	-0.08	0.05909	IRF6
1	209816070	T	C	169	52645	59198	0	0.98641	IRF6
1	209816070	T	G	46	12830	11654	0.09	0.2265	IRF6
1	209816071	G	A	72	25631	28145	-0.17	0.00399	IRF6
1	209816071	G	C	18	7500	6777	-0.03	0.83663	IRF6
1	209816071	G	T	12	4426	4919	-0.01	0.93447	IRF6
1	209816072	A	C	53	15059	15566	-0.02	0.75881	IRF6
1	209816072	A	G	174	51839	55119	-0.08	0.02427	IRF6
1	209816072	A	T	153	53494	56103	0.06	0.13509	IRF6
1	209816073	G	A	128	47932	44049	0	0.98816	IRF6
1	209816073	G	C	18	8617	7206	0.06	0.58073	IRF6
1	209816073	G	T	99	28343	28151	-0.11	0.01968	IRF6
1	209816074	A	C	12	4478	3556	-0.21	0.13417	IRF6
1	209816074	A	G	256	81900	83949	-0.11	0.00024	IRF6
1	209816074	A	T	135	48818	53723	-0.26	0	IRF6
1	209816075	G	A	153	52491	54974	-0.29	0	IRF6
1	209816075	G	C	72	23411	18590	-0.37	0	IRF6
1	209816075	G	T	36	10978	16204	-0.01	0.86947	IRF6
1	209816076	T	A	115	45573	36936	-0.3	0	IRF6
1	209816076	T	C	225	71096	55851	-0.38	0	IRF6
1	209816076	T	G	21	7521	5549	-0.73	0	IRF6
1	209816077	T	A	81	25487	26194	-0.12	0.03223	IRF6
1	209816077	T	C	255	85992	70134	-0.25	0	IRF6
1	209816077	T	G	30	10901	8646	-0.43	0	IRF6
1	209816078	T	-	1	4	1	-1.66	0.00065	IRF6
1	209816078	T	A	159	52810	45210	-0.3	0	IRF6
1	209816078	T	C	214	76796	70306	-0.27	0	IRF6
1	209816078	T	G	18	6269	6149	-0.4	0.00053	IRF6
1	209816079	C	A	60	17654	14300	-0.39	0	IRF6
1	209816079	C	G	27	7370	8654	-0.19	0.04259	IRF6
1	209816079	C	T	126	43494	35777	-0.19	2e-05	IRF6
1	209816080	G	A	282	92402	92944	-0.09	0.00284	IRF6
1	209816080	G	C	54	22180	20343	-0.1	0.11611	IRF6
1	209816080	G	T	39	13542	11388	-0.01	0.91268	IRF6
1	209816081	C	A	66	20403	22270	0.17	0.00436	IRF6
1	209816081	C	T	201	67952	69712	-0.03	0.39568	IRF6
1	209816082	T	A	94	30371	30409	-0.06	0.26145	IRF6
1	209816082	T	C	189	66813	67213	0.12	0.00087	IRF6
1	209816082	T	G	15	5892	6156	0.07	0.60054	IRF6
1	209816083	C	A	31	12114	12131	-0.14	0.12887	IRF6
1	209816083	C	G	15	6080	9291	0.03	0.80372	IRF6
1	209816083	C	T	124	31879	34246	0.06	0.16339	IRF6
1	209816084	A	C	36	15977	16225	0.06	0.43377	IRF6
1	209816084	A	G	184	64793	61911	-0.07	0.05253	IRF6
1	209816084	A	T	107	26199	30359	0.16	0.00056	IRF6
1	209816085	G	A	74	23379	23641	0.08	0.1399	IRF6
1	209816085	G	C	24	5211	6321	0.6	0	IRF6
1	209816085	G	T	102	33803	30477	-0.13	0.00531	IRF6
1	209816086	G	A	264	90532	113573	0.17	0	IRF6
1	209816086	G	C	49	16557	19428	0.15	0.02993	IRF6
1	209816086	G	T	72	19683	22418	0.18	0.00185	IRF6
1	209816087	C	A	81	22457	31212	-0.03	0.60296	IRF6
1	209816087	C	G	33	9952	11035	-0.02	0.80086	IRF6
1	209816087	C	T	205	64457	64743	-0.05	0.16036	IRF6
1	209816088	T	-	1	2	2	-0.05	0.92145	IRF6
1	209816088	T	A	125	36759	42541	0	0.91567	IRF6
1	209816088	T	C	221	73448	78607	-0.03	0.31978	IRF6
1	209816088	T	G	21	5176	3863	0.03	0.79089	IRF6
1	209816089	C	A	24	8840	8833	-0.17	0.08154	IRF6
1	209816089	C	T	99	29645	26814	-0.13	0.00835	IRF6
1	209816090	A	C	19	5460	5491	0.45	7e-05	IRF6
1	209816090	A	G	192	62372	61827	0.01	0.81055	IRF6
1	209816090	A	T	161	55803	66018	0.09	0.01591	IRF6
1	209816091	G	A	111	36436	36334	0.12	0.00941	IRF6
1	209816091	G	C	3	556	689	0.04	0.87775	IRF6
1	209816091	G	T	75	27534	29459	0	0.96979	IRF6
1	209816092	A	C	18	2583	3844	0.23	0.04083	IRF6
1	209816092	A	G	179	59703	59226	-0.01	0.85388	IRF6
1	209816092	A	T	75	22205	21368	-0.08	0.14921	IRF6
1	209816093	G	A	186	65421	74440	-0.03	0.38751	IRF6
1	209816093	G	C	21	3655	3633	-0.13	0.20452	IRF6
1	209816093	G	T	108	34318	35517	0.01	0.89223	IRF6
1	209816094	C	A	25	5122	6804	-0.23	0.01695	IRF6
1	209816094	C	G	32	10641	10623	-0.12	0.18626	IRF6
1	209816094	C	T	248	84600	84252	-0.03	0.26592	IRF6
1	209816095	A	C	18	7214	8370	-0.03	0.80436	IRF6
1	209816095	A	G	249	73542	83092	-0.03	0.415	IRF6
1	209816095	A	T	136	50792	61261	0.04	0.34166	IRF6
1	209816096	G	A	151	41429	41169	0.04	0.37453	IRF6
1	209816096	G	C	24	8749	10582	0.05	0.58261	IRF6
1	209816096	G	T	109	39035	35738	-0.2	3e-05	IRF6
1	209816097	G	A	244	73638	79454	0.03	0.32532	IRF6
1	209816097	G	C	32	5022	7062	0.11	0.20858	IRF6
1	209816097	G	T	52	18902	23532	0.14	0.04464	IRF6
1	209816098	C	A	27	9263	14464	0.38	4e-05	IRF6
1	209816098	C	G	21	4239	3845	-0.03	0.75233	IRF6
1	209816098	C	T	172	59261	88198	0.5	0	IRF6
1	209816099	A	C	14	2002	2260	0.31	0.01591	IRF6
1	209816099	A	G	201	65999	73036	0.01	0.7776	IRF6
1	209816099	A	T	182	60779	66010	0.06	0.12019	IRF6
1	209816100	T	A	95	32068	37744	0.03	0.56302	IRF6
1	209816100	T	C	211	60708	71518	0.1	0.00497	IRF6
1	209816100	T	G	21	6467	9282	0.07	0.48682	IRF6
1	209816101	C	A	90	33768	47426	0.13	0.01348	IRF6
1	209816101	C	G	27	7991	6444	-0.17	0.068	IRF6
1	209816101	C	T	169	58750	63364	0.03	0.44031	IRF6
1	209816102	G	A	285	81320	78918	-0.05	0.06743	IRF6
1	209816102	G	C	36	11639	15003	0.2	0.01472	IRF6
1	209816102	G	T	110	31915	37476	0.01	0.84792	IRF6
1	209816103	C	A	33	11224	13974	0.25	0.00262	IRF6
1	209816103	C	G	12	3705	4374	0.12	0.40959	IRF6
1	209816103	C	T	156	50449	59159	0.19	0	IRF6
1	209816104	A	C	14	4980	5841	-0.07	0.60173	IRF6
1	209816104	A	G	227	74469	54622	-0.36	0	IRF6
1	209816104	A	T	105	33957	32932	-0.05	0.30801	IRF6
1	209816105	A	-	3	160	102	-0.72	0.00937	IRF6
1	209816105	A	C	21	9210	13423	-0.03	0.76663	IRF6
1	209816105	A	G	279	94672	89736	-0.05	0.07048	IRF6
1	209816105	A	T	90	26331	27043	-0.07	0.20864	IRF6
1	209816106	C	A	12	4556	3940	-0.11	0.42114	IRF6
1	209816106	C	G	36	11968	10859	-0.03	0.70573	IRF6
1	209816106	C	T	198	65435	76796	0.02	0.63529	IRF6
1	209816107	C	-	3	342	344	-0.01	0.97151	IRF6
1	209816107	C	A	169	55313	53247	-0.13	0.00045	IRF6
1	209816107	C	G	21	6893	6344	0.03	0.76176	IRF6
1	209816107	C	T	109	35491	41594	0.01	0.79907	IRF6
1	209816108	T	A	82	30634	34916	0.2	2e-04	IRF6
1	209816108	T	C	190	57041	51430	-0.09	0.01485	IRF6
1	209816108	T	G	9	1458	2296	0.37	0.02199	IRF6
1	209816109	C	A	42	9578	10348	-0.06	0.43321	IRF6
1	209816109	C	G	9	2572	2270	-0.17	0.2874	IRF6
1	209816109	C	T	98	34116	35916	-0.06	0.23258	IRF6
1	209816110	C	A	68	21011	22387	-0.14	0.02132	IRF6
1	209816110	C	G	7	869	859	-0.57	0.00167	IRF6
1	209816110	C	T	115	30790	29613	-0.04	0.39061	IRF6
1	209816111	C	-	18	1209	947	-0.33	0.00337	IRF6
1	209816111	C	A	30	7265	6008	-0.3	0.00075	IRF6
1	209816111	C	G	18	4548	4954	-0.03	0.78665	IRF6
1	209816111	C	T	105	34333	33259	-0.05	0.28232	IRF6
1	209816112	A	C	36	14311	11460	-0.29	0.00063	IRF6
1	209816112	A	G	158	56952	58784	-0.01	0.84216	IRF6
1	209816112	A	T	205	60965	79992	0	0.93754	IRF6
1	209816113	G	A	174	51894	46930	-0.09	0.0122	IRF6
1	209816113	G	C	19	5541	6354	0.03	0.81379	IRF6
1	209816113	G	T	12	1452	2397	-0.39	0.00608	IRF6
1	209816114	T	A	162	61542	85662	0.22	0	IRF6
1	209816114	T	C	252	76824	86200	-0.05	0.11274	IRF6
1	209816114	T	G	27	6103	7070	-0.38	4e-05	IRF6
1	209816115	T	-	6	83	100	0.02	0.92114	IRF6
1	209816115	T	A	39	12894	15473	-0.03	0.73221	IRF6
1	209816115	T	C	154	51275	35960	-0.51	0	IRF6
1	209816115	T	G	9	3126	3460	-0.03	0.85177	IRF6
1	209816116	A	G	138	48037	56970	0.03	0.42619	IRF6
1	209816116	A	T	97	35296	49389	0.45	0	IRF6
1	209816117	C	A	54	20757	19721	-0.08	0.20758	IRF6
1	209816117	C	G	33	10322	8985	-0.07	0.39248	IRF6
1	209816117	C	T	140	51499	54962	-0.05	0.21683	IRF6
1	209816118	T	A	49	15748	15697	-0.12	0.0876	IRF6
1	209816118	T	C	45	13534	15308	0.03	0.68114	IRF6
1	209816118	T	G	18	7990	9003	-0.24	0.04326	IRF6
1	209816119	A	G	173	53643	72163	-0.05	0.14562	IRF6
1	209816119	A	T	175	69191	63159	-0.22	0	IRF6
1	209816120	T	A	158	63558	71756	0.16	5e-05	IRF6
1	209816120	T	C	252	93184	84381	-0.19	0	IRF6
1	209816120	T	G	21	3585	3141	-0.03	0.77069	IRF6
1	209816121	T	A	81	26710	22289	-0.17	0.00238	IRF6
1	209816121	T	C	157	49198	47541	-0.07	0.08643	IRF6
1	209816121	T	G	24	6320	8435	-0.17	0.0863	IRF6
1	209816122	C	A	174	47780	50280	-0.01	0.84133	IRF6
1	209816122	C	G	33	9342	9997	0.19	0.025	IRF6
1	209816122	C	T	93	36832	38499	0.07	0.17125	IRF6
1	209816123	T	-	3	1268	1246	-0.11	0.68856	IRF6
1	209816123	T	A	95	36819	37081	-0.02	0.6561	IRF6
1	209816123	T	C	137	42164	39701	-0.14	0.00068	IRF6
1	209816123	T	G	48	11684	10756	-0.2	0.00432	IRF6
1	209816124	G	A	262	78075	85029	0	0.87503	IRF6
1	209816124	G	C	24	4892	5323	0.14	0.1607	IRF6
1	209816124	G	T	27	7027	6870	0.01	0.91751	IRF6
1	209816125	T	A	141	47359	71454	0.46	0	IRF6
1	209816125	T	C	257	90759	95409	-0.05	0.13157	IRF6
1	209816125	T	G	33	5400	8664	0.68	0	IRF6
1	209816126	G	A	227	76261	81105	-0.05	0.10711	IRF6
1	209816126	G	C	30	11181	11545	-0.02	0.83205	IRF6
1	209816126	G	T	39	11971	12277	-0.04	0.57428	IRF6
1	209816127	C	A	172	55736	53268	-0.09	0.01441	IRF6
1	209816127	C	G	39	15330	15394	0.09	0.26865	IRF6
1	209816127	C	T	297	101991	107736	-0.09	0.00094	IRF6
1	209816128	T	A	114	38055	40936	-0.06	0.19727	IRF6
1	209816128	T	C	282	91499	82731	-0.25	0	IRF6
1	209816128	T	G	45	12457	11265	-0.19	0.00862	IRF6
1	209816129	G	A	336	107295	97447	-0.16	0	IRF6
1	209816129	G	C	39	10066	9550	-0.01	0.93835	IRF6
1	209816129	G	T	16	3636	3489	0.03	0.80003	IRF6
1	209816130	T	A	190	64199	66686	-0.02	0.59185	IRF6
1	209816130	T	C	261	88547	123754	0.02	0.42738	IRF6
1	209816130	T	G	39	13959	16901	0.44	0	IRF6
1	209816131	G	A	121	40449	35243	-0.18	6e-05	IRF6
1	209816131	G	C	9	3455	2068	-0.33	0.04607	IRF6
1	209816131	G	T	27	11281	11841	-0.02	0.80076	IRF6
1	209816132	G	-	15	4461	4309	0.25	0.06036	IRF6
1	209816132	G	A	238	84221	81415	-0.09	0.00378	IRF6
1	209816132	G	C	24	5674	1870	-1.83	0	IRF6
1	209816132	G	T	50	20448	23122	-0.48	0	IRF6
1	209816133	C	A	15	3867	703	-2.46	0	IRF6
1	209816133	C	G	6	2652	536	-2.11	0	IRF6
1	209816133	C	T	218	61896	13574	-2.28	0	IRF6
1	209816134	A	C	24	7925	3151	-1.41	0	IRF6
1	209816134	A	G	268	88728	75485	-0.36	0	IRF6
1	209816134	A	T	127	34204	19717	-0.87	0	IRF6
1	209816135	A	-	3	102	38	-1.51	0	IRF6
1	209816135	A	C	30	12454	3048	-2.05	0	IRF6
1	209816135	A	G	237	80264	53479	-0.64	0	IRF6
1	209816135	A	T	172	59552	57689	-0.1	0.00792	IRF6
1	209816136	G	A	231	72283	16817	-2.07	0	IRF6
1	209816136	G	C	6	1401	281	-1.92	0	IRF6
1	209816136	G	T	36	12380	2564	-2.23	0	IRF6
1	209816137	T	A	194	66548	47116	-0.57	0	IRF6
1	209816137	T	C	222	83897	75182	-0.3	0	IRF6
1	209816137	T	G	30	11696	3342	-2	0	IRF6
1	209816138	G	A	206	61728	68860	0.09	0.00549	IRF6
1	209816138	G	C	36	15448	18996	0.21	0.01026	IRF6
1	209816138	G	T	12	4560	5201	0.06	0.65245	IRF6
1	209816139	C	A	51	15175	13722	-0.29	3e-05	IRF6
1	209816139	C	G	40	9265	9275	-0.17	0.02839	IRF6
1	209816139	C	T	351	116162	108036	-0.08	0.00116	IRF6
1	209816140	C	-	26	1546	328	-2.45	0	IRF6
1	209816140	C	A	9	2222	281	-3	0	IRF6
1	209816140	C	G	9	4127	4306	0.11	0.50336	IRF6
1	209816140	C	T	192	53350	50664	-0.11	0.00166	IRF6
1	209816141	A	C	27	7774	4365	-0.76	0	IRF6
1	209816141	A	G	227	76036	95379	0	0.94163	IRF6
1	209816141	A	T	181	64784	55412	-0.31	0	IRF6
1	209816142	G	A	165	47812	53726	0.13	0.00073	IRF6
1	209816142	G	C	27	9679	2729	-2.12	0	IRF6
1	209816142	G	T	54	20710	12687	-0.86	0	IRF6
1	209816143	C	A	65	20873	4561	-2.42	0	IRF6
1	209816143	C	G	24	8331	1505	-2.52	0	IRF6
1	209816143	C	T	223	81460	19225	-2.27	0	IRF6
1	209816144	T	A	144	46172	46790	-0.04	0.28976	IRF6
1	209816144	T	C	247	73773	63550	-0.36	0	IRF6
1	209816144	T	G	39	13941	19197	-0.28	0.00029	IRF6
1	209816145	T	-	6	790	105	-2.94	0	IRF6
1	209816145	T	A	168	54325	27465	-1.07	0	IRF6
1	209816145	T	C	348	114841	82986	-0.61	0	IRF6
1	209816145	T	G	35	9431	2903	-1.72	0	IRF6
1	209816146	G	A	171	55752	20216	-1.51	0	IRF6
1	209816146	G	C	18	7298	1423	-2.64	0	IRF6
1	209816146	G	T	21	6863	1490	-2.07	0	IRF6
1	209816147	T	A	124	42774	31281	-0.79	0	IRF6
1	209816147	T	C	224	68316	69169	0.05	0.14701	IRF6
1	209816147	T	G	24	8367	2195	-1.88	0	IRF6
1	209816148	C	A	40	12519	12455	-0.12	0.10664	IRF6
1	209816148	C	G	3	781	666	-0.51	0.0859	IRF6
1	209816148	C	T	98	31029	31603	-0.04	0.41361	IRF6
1	209816149	C	-	3	18	48	1.32	1e-05	IRF6
1	209816149	C	A	180	59500	54921	-0.18	0	IRF6
1	209816149	C	G	15	4934	4556	-0.07	0.57025	IRF6
1	209816149	C	T	106	33246	34125	-0.08	0.11273	IRF6
1	209816150	T	A	72	26425	29288	-0.03	0.54685	IRF6
1	209816150	T	C	186	69528	61543	-0.19	0	IRF6
1	209816150	T	G	15	4933	5167	-0.08	0.56035	IRF6
1	209816151	C	A	132	44653	47095	0.04	0.34901	IRF6
1	209816151	C	G	15	4577	5628	0.04	0.74105	IRF6
1	209816151	C	T	90	32701	29075	0.04	0.46657	IRF6
1	209816152	T	A	106	35697	36428	0.03	0.47185	IRF6
1	209816152	T	C	207	72073	74691	0.03	0.44089	IRF6
1	209816152	T	G	27	13772	19330	0.02	0.86599	IRF6
1	209816153	C	A	91	27747	24849	-0.12	0.01607	IRF6
1	209816153	C	G	9	2816	2703	0.56	0.00049	IRF6
1	209816153	C	T	156	45285	45314	-0.01	0.70956	IRF6
1	209816154	T	A	153	61707	67580	0.07	0.09392	IRF6
1	209816154	T	C	308	113456	128894	0	0.94694	IRF6
1	209816154	T	G	25	9609	9490	0.28	0.00383	IRF6
1	209816155	T	-	1	3	1	0.62	0.19691	IRF6
1	209816155	T	A	95	33831	39467	0.08	0.09777	IRF6
1	209816155	T	C	180	60521	54740	-0.17	0	IRF6
1	209816155	T	G	15	4355	7412	0.5	0.00014	IRF6
1	209816156	C	A	51	15516	14312	-0.46	0	IRF6
1	209816156	C	G	18	4005	2216	-1.23	0	IRF6
1	209816156	C	T	159	61748	47237	-0.62	0	IRF6
1	209816157	C	A	72	26530	18743	-0.55	0	IRF6
1	209816157	C	G	19	3881	2445	-0.92	0	IRF6
1	209816157	C	T	188	70383	61944	-0.32	0	IRF6
1	209816158	C	A	123	38000	50646	0.09	0.05548	IRF6
1	209816158	C	G	27	7198	7149	-0.19	0.04654	IRF6
1	209816158	C	T	207	76078	55563	-0.6	0	IRF6
1	209816159	C	-	32	2250	1909	-0.45	0	IRF6
1	209816159	C	A	82	32927	24145	-0.53	0	IRF6
1	209816159	C	G	12	4135	3118	-0.48	0.00072	IRF6
1	209816159	C	T	138	50409	35123	-0.66	0	IRF6
1	209816160	A	C	45	15044	7505	-0.65	0	IRF6
1	209816160	A	G	176	51300	57514	0.05	0.14469	IRF6
1	209816160	A	T	165	60125	54727	-0.26	0	IRF6
1	209816161	C	A	34	10712	6437	-0.95	0	IRF6
1	209816161	C	G	73	15612	9496	-0.74	0	IRF6
1	209816161	C	T	259	87189	48130	-0.96	0	IRF6
1	209816162	C	A	60	16021	12201	-0.91	0	IRF6
1	209816162	C	G	36	11579	7910	-0.76	0	IRF6
1	209816162	C	T	213	74757	45233	-0.89	0	IRF6
1	209816163	C	-	23	2191	1328	-0.91	0	IRF6
1	209816163	C	A	40	10873	5659	-0.85	0	IRF6
1	209816163	C	G	18	4667	3548	-0.81	0	IRF6
1	209816163	C	T	102	32249	24158	-0.5	0	IRF6
1	209816164	A	C	45	15582	16110	-0.11	0.14348	IRF6
1	209816164	A	G	190	61236	44333	-0.48	0	IRF6
1	209816164	A	T	84	20071	20323	-0.06	0.26295	IRF6
1	209816165	G	A	188	68319	75695	0.09	0.00902	IRF6
1	209816165	G	C	27	8279	9084	-0.09	0.34408	IRF6
1	209816165	G	T	75	24809	32942	0.04	0.44407	IRF6
1	209816166	C	A	63	22042	24485	0.18	0.00245	IRF6
1	209816166	C	G	21	8412	10500	0.28	0.00912	IRF6
1	209816166	C	T	305	100793	149522	0.37	0	IRF6
1	209816167	C	A	89	32363	31063	-0.02	0.67942	IRF6
1	209816167	C	G	45	10331	9096	-0.3	4e-05	IRF6
1	209816167	C	T	123	36957	40279	0.02	0.68972	IRF6
1	209816168	C	-	7	368	326	-0.37	0.03919	IRF6
1	209816168	C	A	94	27190	24773	-0.08	0.10531	IRF6
1	209816168	C	G	45	18039	17750	0.13	0.06821	IRF6
1	209816168	C	T	181	63869	70348	0.07	0.05245	IRF6
1	209816169	G	A	151	50342	51519	-0.02	0.57025	IRF6
1	209816169	G	C	32	8831	18989	0.17	0.05452	IRF6
1	209816169	G	T	46	18144	20952	0.01	0.87466	IRF6
1	209816170	G	A	69	18729	19744	0	0.94334	IRF6
1	209816170	G	C	18	5574	5747	0.09	0.43796	IRF6
1	209816170	G	T	63	23992	30094	0.12	0.05957	IRF6
1	209816171	G	-	6	329	457	0.3	0.12803	IRF6
1	209816171	G	A	70	25147	24839	-0.14	0.01945	IRF6
1	209816171	G	C	6	2505	2337	0.02	0.91692	IRF6
1	209816171	G	T	21	5381	5323	-0.46	1e-05	IRF6
1	209816172	A	C	6	2598	1800	-0.56	0.00414	IRF6
1	209816172	A	G	236	72938	66734	-0.18	0	IRF6
1	209816172	A	T	85	26231	23891	-0.13	0.01113	IRF6
1	209816173	A	C	48	17891	15216	-0.21	0.00217	IRF6
1	209816173	A	G	287	92299	74250	-0.37	0	IRF6
1	209816173	A	T	91	27066	26138	-0.34	0	IRF6
1	209816174	A	-	9	668	672	-0.02	0.91775	IRF6
1	209816174	A	C	51	19750	22938	0.28	2e-05	IRF6
1	209816174	A	G	242	78749	92137	0.06	0.05827	IRF6
1	209816174	A	T	75	24192	44745	0.79	0	IRF6
1	209816175	C	A	60	26589	26627	0.17	0.00563	IRF6
1	209816175	C	G	40	11917	11258	-0.33	2e-05	IRF6
1	209816175	C	T	141	45634	53056	0.15	0.00032	IRF6
1	209816176	C	-	29	1371	1796	0.11	0.21159	IRF6
1	209816176	C	A	39	17310	16806	-0.06	0.46426	IRF6
1	209816176	C	G	30	9587	10535	0.1	0.27457	IRF6
1	209816176	C	T	178	61679	67769	0.04	0.31198	IRF6
1	209816177	G	A	169	57003	59060	0.06	0.13151	IRF6
1	209816177	G	C	21	7330	10044	0.4	0.00015	IRF6
1	209816177	G	T	110	34384	32383	-0.08	0.0975	IRF6
1	209816178	G	A	227	75044	93959	0.21	0	IRF6
1	209816178	G	C	48	13882	27881	1.14	0	IRF6
1	209816178	G	T	141	48951	47576	0.06	0.16889	IRF6
1	209816179	C	A	39	16145	19696	0.26	0.00079	IRF6
1	209816179	C	G	42	11542	11063	0.04	0.57174	IRF6
1	209816179	C	T	201	63663	57378	-0.09	0.00769	IRF6
1	209816180	A	C	30	7527	7853	0.25	0.00628	IRF6
1	209816180	A	G	174	51149	63373	0.24	0	IRF6
1	209816180	A	T	108	37756	41316	0.08	0.1003	IRF6
1	209816181	G	A	328	107911	120041	-0.02	0.36483	IRF6
1	209816181	G	C	42	12614	11695	-0.3	5e-05	IRF6
1	209816181	G	T	83	27483	31717	0	0.92853	IRF6
1	209816182	C	A	9	4060	6409	0	0.99637	IRF6
1	209816182	C	G	20	8894	8361	0.05	0.6613	IRF6
1	209816182	C	T	188	64636	65932	0.05	0.14449	IRF6
1	209816183	A	C	6	3222	2934	-0.09	0.65453	IRF6
1	209816183	A	G	173	43188	53115	0	0.99136	IRF6
1	209816183	A	T	157	40268	38593	-0.15	0.00015	IRF6
1	209816184	T	A	60	14999	14495	-0.02	0.81059	IRF6
1	209816184	T	C	274	85458	79556	-0.13	1e-05	IRF6
1	209816184	T	G	46	19131	20555	-0.21	0.00421	IRF6
1	209816185	T	A	136	41480	41595	-0.03	0.46639	IRF6
1	209816185	T	C	290	98538	90814	-0.29	0	IRF6
1	209816185	T	G	36	11231	10621	-0.23	0.00357	IRF6
1	209816186	T	-	13	701	928	0.3	0.02242	IRF6
1	209816186	T	A	123	36849	41570	-0.02	0.62312	IRF6
1	209816186	T	C	265	83353	134572	0.66	0	IRF6
1	209816186	T	G	36	13225	13403	-0.04	0.59776	IRF6
1	209816187	C	A	118	35893	34339	-0.17	0.00011	IRF6
1	209816187	C	G	9	3379	3456	0.01	0.95114	IRF6
1	209816187	C	T	83	25539	26624	0.23	1e-05	IRF6
1	209816188	T	A	45	17754	15732	0.25	0.00075	IRF6
1	209816188	T	C	150	59522	59342	-0.06	0.11332	IRF6
1	209816188	T	G	15	4747	4757	0.01	0.91076	IRF6
1	209816189	A	C	15	2854	3893	0.19	0.16913	IRF6
1	209816189	A	G	184	64400	63691	-0.07	0.05827	IRF6
1	209816189	A	T	101	35528	37908	0.07	0.14621	IRF6
1	209816190	G	A	245	84711	80972	0.01	0.85425	IRF6
1	209816190	G	C	45	12414	15665	0.23	0.00216	IRF6
1	209816190	G	T	96	29383	34192	-0.05	0.353	IRF6
1	209816191	T	A	114	35049	45267	0.36	0	IRF6
1	209816191	T	C	291	99612	94905	-0.08	0.00541	IRF6
1	209816191	T	G	12	2465	2762	0.22	0.12304	IRF6
1	209816192	T	A	136	36094	48952	0.36	0	IRF6
1	209816192	T	C	233	77117	42126	-0.83	0	IRF6
1	209816192	T	G	20	6172	7262	0.54	0	IRF6
1	209816193	C	A	33	10632	4882	-1.22	0	IRF6
1	209816193	C	G	15	3736	1911	-1.17	0	IRF6
1	209816193	C	T	132	40836	21375	-0.84	0	IRF6
1	209816194	A	C	36	13431	7338	-0.74	0	IRF6
1	209816194	A	G	273	85377	40879	-1.11	0	IRF6
1	209816194	A	T	116	38468	18124	-1.14	0	IRF6
1	209816195	G	A	93	25519	27789	0.05	0.36692	IRF6
1	209816195	G	C	3	1241	1547	0.21	0.44554	IRF6
1	209816195	G	T	84	29142	39562	0.4	0	IRF6
1	209816196	G	-	6	449	219	-0.87	1e-05	IRF6
1	209816196	G	A	166	60457	31754	-1.25	0	IRF6
1	209816196	G	C	15	5328	2146	-1.75	0	IRF6
1	209816196	G	T	66	18170	7123	-1.67	0	IRF6
1	209816197	C	A	46	19607	8931	-0.88	0	IRF6
1	209816197	C	G	26	7308	3001	-1.16	0	IRF6
1	209816197	C	T	225	79436	99857	0.1	0.00152	IRF6
1	209816198	C	A	53	15250	9655	-0.48	0	IRF6
1	209816198	C	G	15	7199	3701	-1.44	0	IRF6
1	209816198	C	T	126	39652	31153	-0.36	0	IRF6
1	209816199	C	-	23	3266	1218	-0.61	0	IRF6
1	209816199	C	A	9	2868	2172	-0.58	0.00036	IRF6
1	209816199	C	G	12	3892	2604	-0.47	0.0015	IRF6
1	209816199	C	T	126	38122	44096	-0.28	0	IRF6
1	209816200	A	C	9	3461	2057	-0.47	0.00506	IRF6
1	209816200	A	G	223	71502	70818	-0.12	3e-04	IRF6
1	209816200	A	T	140	39456	31084	-0.22	0	IRF6
1	209816201	G	A	88	35459	28870	-0.3	0	IRF6
1	209816201	G	T	21	4578	3635	-0.44	3e-05	IRF6
1	209816202	A	C	48	15303	8737	-0.92	0	IRF6
1	209816202	A	G	175	54623	45147	-0.49	0	IRF6
1	209816202	A	T	92	24376	12741	-0.92	0	IRF6
1	209816203	C	A	26	5322	1857	-1.15	0	IRF6
1	209816203	C	G	72	26191	11347	-1.21	0	IRF6
1	209816203	C	T	198	64899	30293	-1.1	0	IRF6
1	209816204	C	A	141	48934	60879	0.48	0	IRF6
1	209816204	C	G	33	14300	14399	-0.04	0.63841	IRF6
1	209816204	C	T	176	61426	88470	0.27	0	IRF6
1	209816205	C	-	9	725	305	-1.59	0	IRF6
1	209816205	C	A	113	33668	28340	-0.31	0	IRF6
1	209816205	C	G	3	1301	947	-0.14	0.62578	IRF6
1	209816205	C	T	223	67934	93013	0.41	0	IRF6
1	209816206	G	A	298	89156	61580	-0.64	0	IRF6
1	209816206	G	C	51	17094	7481	-1.18	0	IRF6
1	209816206	G	T	21	7662	3233	-1.31	0	IRF6
1	209816207	T	A	120	45201	28960	-0.69	0	IRF6
1	209816207	T	C	250	76411	86727	0.08	0.00647	IRF6
1	209816207	T	G	30	9324	5046	-1.01	0	IRF6
1	209816208	C	A	66	21345	16012	-0.37	0	IRF6
1	209816208	C	G	15	3853	2374	-0.53	2e-05	IRF6
1	209816208	C	T	126	47715	46575	-0.16	0.00029	IRF6
1	209816209	C	-	6	2274	2688	0.38	0.16736	IRF6
1	209816209	C	A	132	38251	22542	-0.82	0	IRF6
1	209816209	C	G	9	4279	3481	-0.21	0.17789	IRF6
1	209816209	C	T	122	42550	38026	-0.1	0.03028	IRF6
1	209816210	T	A	134	38783	41750	0.05	0.25144	IRF6
1	209816210	T	C	177	61364	61129	0.03	0.40211	IRF6
1	209816210	T	G	21	7538	6516	0.01	0.9554	IRF6
1	209816211	G	A	85	36636	36502	-0.04	0.44661	IRF6
1	209816211	G	C	15	4140	3343	-0.09	0.51747	IRF6
1	209816211	G	T	33	11063	9650	-0.11	0.1775	IRF6
1	209816212	G	-	16	807	673	0.06	0.64026	IRF6
1	209816212	G	A	258	91944	93689	-0.08	0.01375	IRF6
1	209816212	G	C	45	12722	13818	0.05	0.51692	IRF6
1	209816212	G	T	42	17240	17596	0.05	0.50082	IRF6
1	209816213	C	A	18	5151	3905	0.09	0.45335	IRF6
1	209816213	C	G	32	13861	15286	0.07	0.38484	IRF6
1	209816213	C	T	257	92243	85511	-0.09	0.00358	IRF6
1	209816214	A	C	21	5134	5849	0.08	0.44438	IRF6
1	209816214	A	G	211	67599	80666	0.12	6e-04	IRF6
1	209816214	A	T	78	23400	24548	0.05	0.36257	IRF6
1	209816215	G	A	202	63473	65257	-0.08	0.01356	IRF6
1	209816215	G	C	39	12333	9566	-0.32	3e-05	IRF6
1	209816215	G	T	78	26384	29525	0.19	0.00083	IRF6
1	209816216	C	A	66	20126	22685	0.2	0.00114	IRF6
1	209816216	C	G	30	10840	11755	0.04	0.69688	IRF6
1	209816216	C	T	264	87254	93396	0.09	0.00198	IRF6
1	209816217	C	A	101	30187	23072	-0.42	0	IRF6
1	209816217	C	G	22	4831	7559	-0.26	0.0138	IRF6
1	209816217	C	T	97	35251	40981	0.04	0.45872	IRF6
1	209816218	T	A	144	53929	54453	0.01	0.73144	IRF6
1	209816218	T	C	249	83131	85173	-0.09	0.00378	IRF6
1	209816218	T	G	39	13002	13911	-0.08	0.318	IRF6
1	209816219	G	A	98	35901	38202	0.03	0.59762	IRF6
1	209816219	G	C	24	9531	5758	-0.34	6e-04	IRF6
1	209816219	G	T	48	19240	17641	-0.14	0.04	IRF6
1	209816220	G	-	12	1033	1024	0.15	0.30147	IRF6
1	209816220	G	A	138	42023	54577	0.1	0.01367	IRF6
1	209816220	G	C	21	8040	13437	0.22	0.0595	IRF6
1	209816220	G	T	44	15670	13798	-0.17	0.02296	IRF6
1	209816221	A	C	16	3690	2908	-0.24	0.04542	IRF6
1	209816221	A	G	221	70871	60067	-0.3	0	IRF6
1	209816221	A	T	136	45201	40388	-0.2	0	IRF6
1	209816222	T	A	87	34393	36835	0.12	0.01879	IRF6
1	209816222	T	C	251	86399	76589	-0.36	0	IRF6
1	209816222	T	G	24	7570	5520	-0.37	0.00027	IRF6
1	209816223	T	-	3	527	454	-0.37	0.17555	IRF6
1	209816223	T	A	124	45308	40386	-0.14	0.0014	IRF6
1	209816223	T	C	180	59227	45880	-0.3	0	IRF6
1	209816223	T	G	30	14584	10847	-0.28	0.00165	IRF6
1	209816224	C	A	53	14185	14733	-0.01	0.90117	IRF6
1	209816224	C	G	14	3929	3741	0.01	0.96658	IRF6
1	209816224	C	T	133	41528	43571	-0.13	0.00283	IRF6
1	209816225	C	-	35	2824	2725	-0.13	0.11217	IRF6
1	209816225	C	A	40	14597	12448	-0.15	0.06341	IRF6
1	209816225	C	G	24	9448	16754	-0.19	0.0512	IRF6
1	209816225	C	T	111	35977	34070	-0.17	0.00023	IRF6
1	209816226	A	C	32	9817	9345	0.02	0.79946	IRF6
1	209816226	A	G	212	73863	68811	-0.13	1e-04	IRF6
1	209816226	A	T	212	67410	63905	-0.09	0.00705	IRF6
1	209816227	C	A	56	13890	15598	0.21	0.00103	IRF6
1	209816227	C	G	40	14380	15017	-0.07	0.33858	IRF6
1	209816227	C	T	297	101010	102898	-0.02	0.49042	IRF6
1	209816228	T	A	194	59844	69606	0.14	5e-05	IRF6
1	209816228	T	C	239	77351	83938	0.13	2e-05	IRF6
1	209816228	T	G	21	4275	3956	-0.15	0.16166	IRF6
1	209816229	G	A	203	69648	73026	-0.06	0.10172	IRF6
1	209816229	G	C	33	10336	12070	0.19	0.02946	IRF6
1	209816229	G	T	27	8697	8374	-0.01	0.94185	IRF6
1	209816230	C	A	72	24602	27125	0.21	0.00031	IRF6
1	209816230	C	G	24	7420	13671	0.31	0.00227	IRF6
1	209816230	C	T	190	64672	60153	-0.07	0.06983	IRF6
1	209816231	C	A	126	43585	48766	0.03	0.48825	IRF6
1	209816231	C	G	18	7658	8465	0.24	0.03173	IRF6
1	209816231	C	T	141	45555	59040	0	0.9687	IRF6
1	209816232	T	A	96	35062	36218	0.06	0.20573	IRF6
1	209816232	T	C	180	63975	69080	-0.03	0.46044	IRF6
1	209816232	T	G	12	4465	4669	0.24	0.094	IRF6
1	209816233	A	C	3	797	713	-0.03	0.90166	IRF6
1	209816233	A	G	145	49025	49270	0.03	0.51159	IRF6
1	209816233	A	T	113	32433	40887	-0.01	0.90462	IRF6
1	209816234	G	A	120	38789	44949	0.15	0.00096	IRF6
1	209816234	G	C	27	7970	8909	0.34	0.00026	IRF6
1	209816234	G	T	128	43699	46336	-0.11	0.0081	IRF6
1	209816235	G	A	200	67931	79527	0.04	0.25204	IRF6
1	209816235	G	C	49	16696	15535	-0.14	0.04346	IRF6
1	209816235	G	T	42	14251	19254	0.01	0.93761	IRF6
1	209816236	C	A	17	5222	4830	-0.26	0.02767	IRF6
1	209816236	C	G	30	8930	9141	0.09	0.32495	IRF6
1	209816236	C	T	121	42374	39187	-0.22	0	IRF6
1	209816237	A	C	21	7847	10694	0.3	0.00388	IRF6
1	209816237	A	G	265	92531	76821	-0.29	0	IRF6
1	209816237	A	T	115	40720	35876	-0.3	0	IRF6
1	209816238	G	A	62	14685	13201	-0.24	0.00011	IRF6
1	209816238	G	C	6	2092	1248	-0.57	0.00562	IRF6
1	209816238	G	T	76	18858	15033	-0.34	0	IRF6
1	209816239	G	A	75	18131	17719	-0.09	0.10686	IRF6
1	209816239	G	C	6	196	234	-0.21	0.30658	IRF6
1	209816239	G	T	18	6864	6614	0.27	0.01926	IRF6
1	209816240	A	C	17	5592	7702	-0.21	0.08883	IRF6
1	209816240	A	G	232	79989	87927	-0.12	3e-04	IRF6
1	209816240	A	T	117	37744	41155	-0.22	0	IRF6
1	209816241	A	-	6	229	107	-0.5	0.01244	IRF6
1	209816241	A	C	21	7667	5954	-0.37	0.00032	IRF6
1	209816241	A	G	209	73764	62876	-0.37	0	IRF6
1	209816241	A	T	112	43026	38851	-0.28	0	IRF6
1	209816242	G	A	265	85795	95015	0.08	0.00757	IRF6
1	209816242	G	C	39	13399	15753	-0.15	0.06277	IRF6
1	209816242	G	T	66	25512	24056	-0.14	0.01972	IRF6
1	209816243	C	A	102	32584	32295	-0.13	0.00859	IRF6
1	209816243	C	G	30	9053	11890	0.25	0.00516	IRF6
1	209816243	C	T	211	83663	99975	0.31	0	IRF6
1	209816244	T	A	111	36097	38888	0.06	0.17058	IRF6
1	209816244	T	C	247	83281	79135	-0.07	0.02557	IRF6
1	209816244	T	G	18	7584	7633	-0.05	0.63971	IRF6
1	209816245	C	A	15	3606	2306	0.27	0.03313	IRF6
1	209816245	C	G	3	661	722	0.2	0.45453	IRF6
1	209816245	C	T	177	79289	10365	-2.95	0	IRF6
1	209816246	A	C	9	5181	6300	0.01	0.9422	IRF6
1	209816246	A	G	204	58379	63459	0.02	0.48095	IRF6
1	209816246	A	T	94	36506	36759	-0.07	0.13809	IRF6
1	209816247	T	A	106	35476	48542	0.06	0.22076	IRF6
1	209816247	T	C	214	76453	75958	0.14	5e-05	IRF6
1	209816247	T	G	12	1878	1742	0.13	0.36271	IRF6
1	209816248	C	A	64	25533	26419	-0.02	0.78695	IRF6
1	209816248	C	G	15	5755	6253	-0.05	0.70051	IRF6
1	209816248	C	T	109	36114	40466	0.05	0.27659	IRF6
1	209816249	T	A	128	46244	43144	-0.01	0.87582	IRF6
1	209816249	T	C	187	63788	90387	0.27	0	IRF6
1	209816249	T	G	18	6812	6922	-0.08	0.45561	IRF6
1	209816250	C	A	36	8749	11021	-0.04	0.66133	IRF6
1	209816250	C	G	12	2527	2471	0.28	0.04465	IRF6
1	209816250	C	T	126	48071	52294	0	0.95068	IRF6
1	209816251	A	C	19	4472	5448	0.46	8e-05	IRF6
1	209816251	A	G	186	57582	60912	0.01	0.7757	IRF6
1	209816251	A	T	89	27754	27255	0.04	0.46886	IRF6
1	209816252	G	A	186	70054	76549	0.13	0.00046	IRF6
1	209816252	G	C	21	4243	5446	0.26	0.01581	IRF6
1	209816252	G	T	48	16392	18937	0.09	0.21162	IRF6
1	209816253	C	A	57	15320	18005	0.27	4e-05	IRF6
1	209816253	C	G	45	14897	16324	0.06	0.43358	IRF6
1	209816253	C	T	198	65178	61233	-0.06	0.10743	IRF6
1	209816254	C	A	85	27715	29896	-0.08	0.12411	IRF6
1	209816254	C	G	21	7340	7437	0.03	0.76759	IRF6
1	209816254	C	T	107	32131	30715	-0.09	0.06723	IRF6
1	209816255	C	-	15	1739	1918	-0.42	0.00094	IRF6
1	209816255	C	A	27	8735	9834	-0.07	0.4711	IRF6
1	209816255	C	G	15	5538	4578	-0.26	0.0379	IRF6
1	209816255	C	T	163	61113	60000	-0.1	0.00824	IRF6
1	209816256	A	C	46	10953	15033	0.34	0	IRF6
1	209816256	A	G	227	74228	74669	-0.01	0.81719	IRF6
1	209816256	A	T	191	63818	70667	0.1	0.00317	IRF6
1	209816257	G	A	177	61715	61980	-0.09	0.01582	IRF6
1	209816257	G	C	13	1603	1097	-0.41	0.00296	IRF6
1	209816257	G	T	76	23500	23670	0.02	0.72364	IRF6
1	209816258	T	A	130	43838	41703	-0.23	0	IRF6
1	209816258	T	C	271	86705	77207	-0.17	0	IRF6
1	209816258	T	G	15	6372	5709	-0.24	0.04991	IRF6
1	209816259	G	A	127	38074	34829	0.02	0.69239	IRF6
1	209816259	G	C	9	5928	5510	-0.15	0.34073	IRF6
1	209816259	G	T	15	5272	5828	0.01	0.94548	IRF6
1	209816260	A	-	1	1	2	0.18	0.71266	IRF6
1	209816260	A	C	40	14582	12687	-0.34	1e-05	IRF6
1	209816260	A	G	191	57885	46921	-0.39	0	IRF6
1	209816260	A	T	128	47433	35204	-0.39	0	IRF6
1	209816261	C	A	6	269	121	-0.61	0.00228	IRF6
1	209816261	C	G	15	4401	3782	-0.2	0.11604	IRF6
1	209816261	C	T	148	46558	34686	-0.44	0	IRF6
1	209816262	C	A	169	60240	47638	-0.36	0	IRF6
1	209816262	C	G	12	4853	5820	0.04	0.79968	IRF6
1	209816262	C	T	143	47306	44245	-0.28	0	IRF6
1	209816263	T	-	2	2	3	0.16	0.62408	IRF6
1	209816263	T	A	115	36346	35428	-0.27	0	IRF6
1	209816263	T	C	282	94359	84093	-0.23	0	IRF6
1	209816263	T	G	48	15784	13702	-0.33	0	IRF6
1	209816264	T	A	128	42861	39524	-0.21	0	IRF6
1	209816264	T	C	276	105424	98620	-0.09	0.00333	IRF6
1	209816264	T	G	33	8473	6750	-0.34	6e-05	IRF6
1	209816265	T	A	121	43562	42182	-0.02	0.58967	IRF6
1	209816265	T	C	87	29798	25703	-0.02	0.78061	IRF6
1	209816265	T	G	54	14138	13288	-0.19	0.00341	IRF6
1	209816266	T	-	55	4803	5156	0.1	0.12023	IRF6
1	209816266	T	A	62	22899	22435	0.24	1e-04	IRF6
1	209816266	T	C	268	93327	108346	0.07	0.01269	IRF6
1	209816266	T	G	15	3501	5969	0.19	0.12017	IRF6
1	209816267	C	A	100	35673	37033	-0.01	0.8452	IRF6
1	209816267	C	G	6	2352	2635	0.43	0.02719	IRF6
1	209816267	C	T	73	20227	19689	-0.15	0.00704	IRF6
1	209816268	T	A	79	22406	28490	0.21	0.00011	IRF6
1	209816268	T	C	228	78264	89734	0.08	0.0134	IRF6
1	209816268	T	G	15	2553	2963	0.2	0.1133	IRF6
1	209816269	C	A	90	32867	33714	-0.19	0.00035	IRF6
1	209816269	C	G	9	3740	3407	0.02	0.91734	IRF6
1	209816269	C	T	78	28767	27444	-0.16	0.00299	IRF6
1	209816270	T	A	115	32422	39328	0.15	0.00111	IRF6
1	209816270	T	C	236	81876	78030	-0.01	0.69151	IRF6
1	209816270	T	G	33	8835	7822	-0.03	0.68541	IRF6
1	209816271	C	A	119	36548	44961	0.06	0.19671	IRF6
1	209816271	C	G	21	7323	6228	-0.11	0.30979	IRF6
1	209816271	C	T	148	52772	66407	0.24	0	IRF6
1	209816272	T	A	177	58998	73256	0.09	0.01683	IRF6
1	209816272	T	C	267	76837	85171	-0.03	0.33159	IRF6
1	209816272	T	G	35	11886	10908	-0.12	0.13488	IRF6
1	209816273	G	A	108	38975	43382	-0.05	0.29144	IRF6
1	209816273	G	C	48	13369	13381	-0.03	0.68015	IRF6
1	209816273	G	T	36	9752	10254	0.26	0.00195	IRF6
1	209816274	T	A	93	32905	29982	-0.1	0.06243	IRF6
1	209816274	T	C	265	73556	72591	-0.1	0.00057	IRF6
1	209816274	T	G	105	31827	35968	-0.1	0.03885	IRF6
1	209816275	T	A	84	30524	33163	0.08	0.13403	IRF6
1	209816275	T	C	191	76302	87046	0.05	0.16359	IRF6
1	209816275	T	G	54	16023	18554	0.11	0.0834	IRF6
1	209816276	T	A	178	45738	56592	0.27	0	IRF6
1	209816276	T	C	228	86481	98208	0.08	0.01643	IRF6
1	209816276	T	G	93	31470	38179	0.18	0.00032	IRF6
1	209816277	T	A	87	30205	36238	0.15	0.00521	IRF6
1	209816277	T	C	243	83342	84254	0.03	0.30731	IRF6
1	209816277	T	G	57	19114	21885	0.11	0.09356	IRF6
1	209816278	T	A	93	28238	29504	0.02	0.67401	IRF6
1	209816278	T	C	232	75550	85482	-0.02	0.62032	IRF6
1	209816278	T	G	15	4415	5267	0.2	0.14079	IRF6
1	209816279	T	-	10	1227	1443	-0.05	0.75796	IRF6
1	209816279	T	A	78	18257	22010	0.29	0	IRF6
1	209816279	T	C	355	115766	159635	0.35	0	IRF6
1	209816279	T	G	15	3498	3790	0.15	0.22466	IRF6
1	209816280	G	A	181	64335	80208	0.17	0	IRF6
1	209816280	G	C	24	7873	8576	0.11	0.28664	IRF6
1	209816280	G	T	32	8819	7354	0.11	0.19328	IRF6
1	209816281	T	A	191	64104	83777	0.09	0.00707	IRF6
1	209816281	T	C	295	95659	127982	0.17	0	IRF6
1	209816281	T	G	27	7566	4763	0.09	0.33735	IRF6
1	209816282	C	A	21	7810	10187	0.03	0.76724	IRF6
1	209816282	C	G	18	5093	5647	-0.13	0.259	IRF6
1	209816282	C	T	148	43849	52864	0.09	0.02105	IRF6
1	209816283	A	C	39	11060	11597	0	0.9645	IRF6
1	209816283	A	G	311	96635	104125	-0.15	0	IRF6
1	209816283	A	T	133	52742	67132	0.17	4e-05	IRF6
1	209816284	C	A	30	9803	10330	-0.18	0.04584	IRF6
1	209816284	C	G	43	14338	14928	0.17	0.01845	IRF6
1	209816284	C	T	175	63694	67995	0.1	0.00486	IRF6
1	209816285	A	C	24	10125	8636	-0.08	0.39696	IRF6
1	209816285	A	G	335	119063	126363	0	0.97675	IRF6
1	209816285	A	T	142	50039	50333	-0.01	0.80416	IRF6
1	209816286	G	A	139	37880	38730	0.06	0.15728	IRF6
1	209816286	G	C	15	3743	3804	0.16	0.20498	IRF6
1	209816286	G	T	124	43261	41502	-0.11	0.01297	IRF6
1	209816287	A	C	33	13554	14260	0.03	0.75486	IRF6
1	209816287	A	G	216	65188	88563	0.43	0	IRF6
1	209816287	A	T	93	30990	39378	-0.04	0.45854	IRF6
1	209816288	G	A	90	28500	30304	-0.19	0.00025	IRF6
1	209816288	G	C	10	2106	1551	-0.15	0.33232	IRF6
1	209816288	G	T	133	50400	49508	-0.1	0.02501	IRF6
1	209816289	G	-	3	519	441	-0.27	0.31973	IRF6
1	209816289	G	A	107	33849	30647	-0.16	0.00077	IRF6
1	209816289	G	C	6	1447	1242	-0.33	0.09244	IRF6
1	209816289	G	T	42	12065	11658	-0.11	0.15099	IRF6
1	209816290	A	G	232	74768	63608	-0.16	0	IRF6
1	209816290	A	T	80	24504	22939	-0.04	0.44286	IRF6
1	209816291	A	-	6	732	548	-1.01	0	IRF6
1	209816291	A	C	5	1974	2398	0.55	0.01587	IRF6
1	209816291	A	G	240	76549	79711	-0.08	0.00719	IRF6
1	209816291	A	T	89	33962	30812	-0.18	0.00054	IRF6
1	209816292	T	A	87	26084	23848	-0.12	0.02209	IRF6
1	209816292	T	C	238	75875	68006	-0.2	0	IRF6
1	209816292	T	G	24	7178	7396	-0.11	0.27887	IRF6
1	209816293	T	A	154	50441	51941	-0.18	0	IRF6
1	209816293	T	C	272	86132	80368	-0.25	0	IRF6
1	209816293	T	G	18	9186	19005	-0.11	0.34101	IRF6
1	209816294	T	-	18	2321	2231	-0.07	0.51363	IRF6
1	209816294	T	A	130	42445	38731	-0.16	0.00012	IRF6
1	209816294	T	C	225	67421	71601	-0.02	0.44489	IRF6
1	209816294	T	G	18	3472	2620	-0.08	0.48134	IRF6
1	209816295	C	A	78	18182	17255	-0.06	0.24644	IRF6
1	209816295	C	G	6	1047	1310	0.5	0.01132	IRF6
1	209816295	C	T	87	25750	24139	-0.1	0.06986	IRF6
1	209816296	C	-	42	4559	5105	-0.14	0.06685	IRF6
1	209816296	C	A	38	14784	12468	-0.03	0.66428	IRF6
1	209816296	C	G	18	5718	5471	-0.01	0.91581	IRF6
1	209816296	C	T	89	33628	30635	-0.05	0.37396	IRF6
1	209816297	A	C	24	12149	17780	0.42	5e-05	IRF6
1	209816297	A	G	197	75917	89367	0.15	1e-05	IRF6
1	209816297	A	T	79	30948	31152	-0.03	0.63942	IRF6
1	209816298	T	A	207	75522	82160	-0.01	0.84836	IRF6
1	209816298	T	C	238	81254	83247	-0.08	0.00947	IRF6
1	209816298	T	G	18	7252	6046	0.01	0.94441	IRF6
1	209816299	G	A	256	81317	92271	0.14	1e-05	IRF6
1	209816299	G	C	21	7033	5679	-0.29	0.00584	IRF6
1	209816299	G	T	35	13202	14231	0.19	0.02178	IRF6
1	209816300	C	A	69	22613	23840	0.08	0.19359	IRF6
1	209816300	C	G	30	8174	8904	0.02	0.85261	IRF6
1	209816300	C	T	263	87182	106795	0.09	0.00208	IRF6
1	209816301	C	-	60	8873	13229	-0.03	0.64466	IRF6
1	209816301	C	A	39	9480	9914	0.06	0.42455	IRF6
1	209816301	C	G	15	3110	4631	-0.17	0.15874	IRF6
1	209816301	C	T	136	46515	50032	0.05	0.27401	IRF6
1	209816302	A	C	21	9884	9223	0.01	0.96142	IRF6
1	209816302	A	G	239	76174	87832	0.03	0.36893	IRF6
1	209816302	A	T	114	42027	47397	0.11	0.01951	IRF6
1	209816303	G	A	227	68694	71490	0	0.95368	IRF6
1	209816303	G	C	27	7651	8537	-0.18	0.06111	IRF6
1	209816303	G	T	127	47081	44043	-0.01	0.75747	IRF6
1	209816304	C	A	12	2277	2095	-0.04	0.75804	IRF6
1	209816304	C	G	46	19284	20085	-0.07	0.32142	IRF6
1	209816304	C	T	286	82945	79865	0.05	0.0776	IRF6
1	209816305	A	C	13	2895	2176	0.18	0.17438	IRF6
1	209816305	A	G	163	54254	56631	-0.02	0.52557	IRF6
1	209816305	A	T	150	39594	36784	-0.04	0.35593	IRF6
1	209816306	G	A	308	99610	100295	-0.06	0.04732	IRF6
1	209816306	G	C	57	15692	16286	0.05	0.48183	IRF6
1	209816306	G	T	18	3740	3971	-0.04	0.73897	IRF6
1	209816307	T	A	98	35384	32673	0.03	0.55501	IRF6
1	209816307	T	C	149	47776	47487	0.03	0.46387	IRF6
1	209816307	T	G	15	5381	5279	0.12	0.32137	IRF6
1	209816308	A	C	3	524	501	-0.13	0.64705	IRF6
1	209816308	A	G	125	39085	42451	0.03	0.42991	IRF6
1	209816308	A	T	70	25218	26148	-0.03	0.55913	IRF6
1	209816309	T	A	173	58665	61481	-0.16	2e-05	IRF6
1	209816309	T	C	128	52675	54645	-0.11	0.01255	IRF6
1	209816309	T	G	43	13073	11854	-0.19	0.00832	IRF6
1	209816310	G	A	3	1327	1688	0.27	0.37194	IRF6
1	209816310	G	C	6	1852	2070	0.13	0.51031	IRF6
1	209816311	G	A	153	51649	61067	0.11	0.0078	IRF6
1	209816311	G	C	36	11449	11077	0.04	0.6353	IRF6
1	209816311	G	T	42	10064	9104	-0.05	0.50616	IRF6
1	209816312	G	A	109	30181	31220	0.01	0.87709	IRF6
1	209816312	G	C	9	2376	2385	0.15	0.35791	IRF6
1	209816312	G	T	15	3598	4347	0.17	0.18477	IRF6
1	209816313	G	-	75	10700	10680	-0.13	0.02044	IRF6
1	209816313	G	A	165	58985	56339	-0.09	0.02037	IRF6
1	209816313	G	C	18	7407	7109	-0.04	0.70578	IRF6
1	209816313	G	T	18	4949	4287	0.4	0.00042	IRF6
1	209816314	C	A	21	2540	2122	-0.06	0.55744	IRF6
1	209816314	C	G	16	8805	9003	-0.08	0.53527	IRF6
1	209816314	C	T	276	98079	111888	0.04	0.21712	IRF6
1	209816315	A	G	244	91608	92816	0.12	0.00018	IRF6
1	209816315	A	T	82	25872	26669	-0.01	0.83773	IRF6
1	209816316	A	C	6	274	251	-0.09	0.65719	IRF6
1	209816316	A	G	243	78630	84267	0.08	0.01486	IRF6
1	209816316	A	T	108	34582	32692	-0.06	0.19287	IRF6
1	209816317	T	A	123	40343	40271	-0.09	0.04724	IRF6
1	209816317	T	C	132	43354	43180	-0.18	2e-05	IRF6
1	209816317	T	G	42	14087	13546	-0.01	0.84949	IRF6
1	209816318	G	A	18	3008	4140	0.16	0.17762	IRF6
1	209816318	G	T	3	248	193	-0.42	0.1634	IRF6
1	209816319	G	A	111	30514	27039	-0.07	0.11294	IRF6
1	209816319	G	C	6	2525	2395	-0.18	0.36298	IRF6
1	209816319	G	T	57	22663	18889	-0.18	0.00475	IRF6
1	209816320	G	A	153	60738	50597	-0.32	0	IRF6
1	209816320	G	C	15	7299	6401	-0.19	0.133	IRF6
1	209816320	G	T	66	20749	17043	-0.27	1e-05	IRF6
1	209816321	G	A	191	60492	59740	-0.17	0	IRF6
1	209816321	G	C	45	13911	19759	0.04	0.56392	IRF6
1	209816321	G	T	99	25304	27281	0.03	0.52768	IRF6
1	209816322	G	-	44	7802	6489	-0.19	0.00839	IRF6
1	209816322	G	A	172	49851	48790	-0.08	0.0371	IRF6
1	209816322	G	C	13	3216	3025	-0.39	0.00422	IRF6
1	209816322	G	T	23	6013	5682	0.21	0.03285	IRF6
1	209816323	T	A	133	40880	54674	0.29	0	IRF6
1	209816323	T	C	211	65669	69047	-0.01	0.68157	IRF6
1	209816323	T	G	30	11894	14076	0.1	0.2613	IRF6
1	209816324	G	A	170	54601	55407	-0.13	0.00043	IRF6
1	209816324	G	C	22	11699	9240	-0.13	0.19621	IRF6
1	209816324	G	T	45	13066	11302	-0.13	0.07253	IRF6
1	209816325	G	A	215	70774	66436	-0.15	1e-05	IRF6
1	209816325	G	C	56	11982	11518	0.13	0.0428	IRF6
1	209816325	G	T	117	37493	35337	-0.07	0.11158	IRF6
1	209816326	G	-	51	7938	7419	0.05	0.43622	IRF6
1	209816326	G	A	235	88246	78644	-0.16	0	IRF6
1	209816326	G	C	45	18618	17751	-0.16	0.03124	IRF6
1	209816326	G	T	9	3986	5011	0.05	0.75466	IRF6
1	209816327	T	A	201	62688	60548	-0.06	0.06445	IRF6
1	209816327	T	C	195	65755	66022	-0.08	0.02984	IRF6
1	209816327	T	G	45	15519	15772	0.1	0.1528	IRF6
1	209816328	G	A	146	50446	55630	0.08	0.05508	IRF6
1	209816328	G	C	9	3175	818	-0.02	0.8998	IRF6
1	209816328	G	T	24	7614	7404	0.02	0.81181	IRF6
1	209816329	G	-	45	6303	6341	-0.06	0.37222	IRF6
1	209816329	G	A	327	115530	117186	-0.02	0.43679	IRF6
1	209816329	G	C	49	19716	23164	-0.05	0.50042	IRF6
1	209816329	G	T	45	15457	14801	-0.05	0.49129	IRF6
1	209816330	C	A	39	12014	12479	0.16	0.04501	IRF6
1	209816330	C	G	21	8731	8238	-0.04	0.7265	IRF6
1	209816330	C	T	246	86002	92192	-0.05	0.1057	IRF6
1	209816331	C	-	52	9547	8808	0.02	0.80471	IRF6
1	209816331	C	A	38	10683	9391	-0.21	0.01055	IRF6
1	209816331	C	G	21	10760	9645	0.03	0.75469	IRF6
1	209816331	C	T	130	37836	44447	0.08	0.06079	IRF6
1	209816332	A	C	3	1132	1024	-0.04	0.89199	IRF6
1	209816332	A	G	242	82432	87866	-0.05	0.12651	IRF6
1	209816332	A	T	171	57632	61972	-0.03	0.46234	IRF6
1	209816333	A	C	21	3173	6939	0.19	0.07272	IRF6
1	209816333	A	G	255	82367	86020	-0.03	0.3929	IRF6
1	209816333	A	T	124	42737	44935	-0.01	0.88281	IRF6
1	209816334	A	-	25	5512	5197	0.04	0.71866	IRF6
1	209816334	A	C	48	19422	19797	-0.01	0.85003	IRF6
1	209816334	A	G	214	75979	79043	0.11	0.00108	IRF6
1	209816334	A	T	155	54573	53007	-0.02	0.62725	IRF6
1	209816335	G	A	66	20168	21594	0.12	0.05022	IRF6
1	209816335	G	C	21	5215	6093	0.27	0.01146	IRF6
1	209816335	G	T	78	25084	23874	-0.04	0.47403	IRF6
1	209816336	G	-	33	4351	4988	0.12	0.19433	IRF6
1	209816336	G	A	83	28988	31726	0.05	0.35066	IRF6
1	209816336	G	C	27	12034	1296	-3.29	0	IRF6
1	209816336	G	T	24	7169	8026	0.19	0.05538	IRF6
1	209816337	T	A	77	24063	26196	0.11	0.04618	IRF6
1	209816337	T	C	281	98388	100700	-0.05	0.09311	IRF6
1	209816337	T	G	21	6362	6497	-0.06	0.59727	IRF6
1	209816338	T	A	74	22756	22152	0.13	0.01963	IRF6
1	209816338	T	C	288	111858	104903	-0.12	2e-05	IRF6
1	209816338	T	G	27	10650	10798	-0.09	0.30733	IRF6
1	209816339	T	-	30	5860	6689	0.02	0.86008	IRF6
1	209816339	T	A	108	30784	31579	-0.08	0.08292	IRF6
1	209816339	T	C	136	42424	41861	-0.09	0.03792	IRF6
1	209816339	T	G	27	7427	8550	-0.04	0.6494	IRF6
1	209816340	C	A	42	11720	13963	0	0.96273	IRF6
1	209816340	C	G	15	2396	2205	0.04	0.7499	IRF6
1	209816340	C	T	101	30995	36039	0.03	0.55311	IRF6
1	209816341	C	A	51	17458	18632	0.05	0.50983	IRF6
1	209816341	C	G	15	4791	3628	0.27	0.03655	IRF6
1	209816341	C	T	94	25712	27860	0.09	0.07491	IRF6
1	209816342	C	-	1	1	1	-0.74	0.11557	IRF6
1	209816342	C	A	44	13230	15133	0.1	0.16286	IRF6
1	209816342	C	G	27	10954	12518	0.21	0.02491	IRF6
1	209816342	C	T	144	49719	56961	0.09	0.03138	IRF6
1	209816343	C	A	102	44218	45373	-0.01	0.83815	IRF6
1	209816343	C	G	18	6687	5455	-0.04	0.74335	IRF6
1	209816343	C	T	151	50987	56248	0.03	0.40504	IRF6
1	209816344	C	-	94	21632	23573	0.14	0.00585	IRF6
1	209816344	C	A	111	40755	44975	0.07	0.13836	IRF6
1	209816344	C	G	46	8657	9058	-0.07	0.3309	IRF6
1	209816344	C	T	135	40804	45751	-0.07	0.07986	IRF6
1	209816345	T	A	148	49880	57086	0.07	0.06919	IRF6
1	209816345	T	C	147	45076	46533	0.01	0.89655	IRF6
1	209816345	T	G	30	10716	12337	-0.05	0.60351	IRF6
1	209816346	T	-	34	6233	6560	-0.07	0.41512	IRF6
1	209816346	T	A	68	29753	37723	0.16	0.00728	IRF6
1	209816346	T	C	130	44418	45574	-0.02	0.62952	IRF6
1	209816346	T	G	12	4924	4820	-0.09	0.49932	IRF6
1	209816347	A	C	11	3225	2528	-0.33	0.0249	IRF6
1	209816347	A	G	105	32433	28709	-0.11	0.02305	IRF6
1	209816347	A	T	78	18488	16482	-0.05	0.37827	IRF6
1	209816348	A	-	9	1694	2845	0.38	0.02039	IRF6
1	209816348	A	C	57	22402	25377	-0.01	0.93573	IRF6
1	209816348	A	G	291	93299	105975	0.12	2e-05	IRF6
1	209816348	A	T	126	39093	39035	-0.1	0.02817	IRF6
1	209816349	G	A	217	63108	79904	0.07	0.03087	IRF6
1	209816349	G	C	24	7808	9876	0.11	0.25988	IRF6
1	209816349	G	T	33	15684	16084	-0.04	0.65082	IRF6
1	209816350	C	A	50	18306	17929	0.09	0.19088	IRF6
1	209816350	C	G	27	10377	11165	0.14	0.11832	IRF6
1	209816350	C	T	214	62618	74377	0.01	0.84343	IRF6
1	209816351	C	-	48	8789	9458	0.02	0.80049	IRF6
1	209816351	C	A	24	9087	10993	-0.02	0.81593	IRF6
1	209816351	C	G	18	5629	4752	-0.41	0.00021	IRF6
1	209816351	C	T	117	38337	39289	-0.03	0.50167	IRF6
1	209816352	A	C	19	8169	8924	0.04	0.74928	IRF6
1	209816352	A	G	265	94079	88269	-0.01	0.62733	IRF6
1	209816352	A	T	180	60022	58237	-0.09	0.01401	IRF6
1	209816353	C	A	16	5537	5787	-0.17	0.16453	IRF6
1	209816353	C	G	58	17462	17545	-0.01	0.83682	IRF6
1	209816353	C	T	219	73855	73324	-0.03	0.39741	IRF6
1	209816354	A	C	42	15238	12958	-0.14	0.06354	IRF6
1	209816354	A	G	284	112828	117835	0	0.91802	IRF6
1	209816354	A	T	113	32609	35084	0.08	0.06973	IRF6
1	209816355	A	-	6	515	713	0.33	0.10249	IRF6
1	209816355	A	C	34	10378	10415	0.05	0.55167	IRF6
1	209816355	A	G	270	90450	92052	-0.03	0.24763	IRF6
1	209816355	A	T	206	60655	62822	0.01	0.83262	IRF6
1	209816356	G	A	80	26062	27404	0.08	0.12343	IRF6
1	209816356	G	C	12	5146	4447	0.02	0.88875	IRF6
1	209816356	G	T	123	40225	44887	0.14	0.00097	IRF6
1	209816357	A	C	12	3327	3663	0.03	0.84241	IRF6
1	209816357	A	G	221	72789	74954	-0.05	0.14248	IRF6
1	209816357	A	T	105	31825	33198	-0.03	0.54313	IRF6
1	209816358	G	A	173	54713	53697	-0.05	0.16203	IRF6
1	209816358	G	C	27	7701	6123	0.13	0.185	IRF6
1	209816358	G	T	90	33471	30240	-0.12	0.02351	IRF6
1	209816359	C	A	73	19024	19894	-0.14	0.01291	IRF6
1	209816359	C	G	49	15401	18614	0.07	0.28764	IRF6
1	209816359	C	T	231	72089	85942	0.12	0.00023	IRF6
1	209816360	C	-	41	4921	5307	-0.03	0.70178	IRF6
1	209816360	C	A	28	10823	9911	0.11	0.24816	IRF6
1	209816360	C	G	3	336	380	-0.05	0.84239	IRF6
1	209816360	C	T	119	31686	36588	0.05	0.22382	IRF6
1	209816361	A	C	33	9513	15557	-0.01	0.86172	IRF6
1	209816361	A	G	277	92286	94331	0.01	0.81833	IRF6
1	209816361	A	T	113	37530	41880	0	0.9571	IRF6
1	209816362	T	A	150	49861	53092	0.08	0.04173	IRF6
1	209816362	T	C	188	73880	80244	0.04	0.24509	IRF6
1	209816362	T	G	6	2290	2883	0.24	0.22646	IRF6
1	209816363	G	A	111	39642	46867	-0.02	0.67825	IRF6
1	209816363	G	C	15	5595	5617	0.05	0.68603	IRF6
1	209816363	G	T	18	5401	6308	-0.16	0.18169	IRF6
1	209816364	G	-	48	6853	7402	0.09	0.22092	IRF6
1	209816364	G	A	146	43221	45821	0.07	0.06469	IRF6
1	209816364	G	C	6	1632	3238	-0.03	0.87119	IRF6
1	209816364	G	T	70	22018	22268	-0.08	0.18108	IRF6
1	209816365	A	C	21	3673	4192	0.21	0.05549	IRF6
1	209816365	A	G	249	69063	85468	0.15	0	IRF6
1	209816365	A	T	114	37635	39275	0	0.94216	IRF6
1	209816366	G	A	150	42667	46720	0.05	0.19258	IRF6
1	209816366	G	C	18	3895	3017	-0.38	7e-04	IRF6
1	209816366	G	T	37	11892	12075	0.08	0.34651	IRF6
1	209816367	T	A	157	48920	54338	0.02	0.57118	IRF6
1	209816367	T	C	144	43798	45108	0	0.94654	IRF6
1	209816367	T	G	57	13971	15093	-0.09	0.16112	IRF6
1	209816368	G	A	48	13454	21424	-0.14	0.044	IRF6
1	209816368	G	C	3	479	604	0.01	0.96801	IRF6
1	209816368	G	T	12	2614	2482	0.29	0.04126	IRF6
1	209816369	G	-	298	49035	56883	0.31	0	IRF6
1	209816369	G	A	191	58224	60360	-0.01	0.72437	IRF6
1	209816369	G	C	12	2826	2462	-0.22	0.13822	IRF6
1	209816369	G	T	18	7360	14773	0.58	0	IRF6
1	209816370	A	C	6	1169	1249	-0.13	0.52171	IRF6
1	209816370	A	G	503	171866	190574	0.04	0.07334	IRF6
1	209816370	A	T	42	10344	11883	-0.02	0.83695	IRF6
1	209816371	G	-	1	1	3	1.65	0.00044	IRF6
1	209816371	G	A	101	36742	36682	0	0.9862	IRF6
1	209816371	G	C	6	2508	2808	0.03	0.89133	IRF6
1	209816371	G	T	101	32554	33816	0.01	0.85662	IRF6
1	209816372	G	-	198	34035	40108	0.05	0.17151	IRF6
1	209816372	G	A	144	56505	70063	0.19	1e-05	IRF6
1	209816372	G	C	12	1958	2088	-0.02	0.88748	IRF6
1	209816372	G	T	21	4083	4250	-0.08	0.42169	IRF6
1	209816373	T	A	30	9036	10640	0.04	0.62276	IRF6
1	209816373	T	C	15	4933	3150	0.07	0.60945	IRF6
1	209816373	T	G	33	9140	8930	0	0.9628	IRF6
1	209816374	A	C	3	2182	2410	0.2	0.46935	IRF6
1	209816374	A	G	57	20475	21766	0.09	0.17273	IRF6
1	209816374	A	T	33	11504	17412	0.05	0.59614	IRF6
1	209816375	A	-	80	13940	14077	-0.01	0.88045	IRF6
1	209816375	A	C	21	8441	5782	0.11	0.29385	IRF6
1	209816375	A	G	112	36175	37387	-0.01	0.88225	IRF6
1	209816375	A	T	87	29431	28731	0.06	0.26478	IRF6
1	209816376	G	A	164	50036	58194	-0.01	0.82582	IRF6
1	209816376	G	C	21	3573	4171	0.04	0.69857	IRF6
1	209816376	G	T	60	19684	19125	-0.01	0.91034	IRF6
1	209816377	C	A	48	11054	11481	0.06	0.37757	IRF6
1	209816377	C	G	51	15486	13951	-0.19	0.00469	IRF6
1	209816377	C	T	120	33869	35448	-0.19	2e-05	IRF6
1	209816378	T	A	54	13764	14790	0	0.9942	IRF6
1	209816378	T	C	36	11255	13350	-0.05	0.5305	IRF6
1	209816378	T	G	6	1920	1922	-0.02	0.92607	IRF6
1	209816379	A	G	64	23036	23397	-0.04	0.46373	IRF6
1	209816379	A	T	23	7536	2194	-2.74	0	IRF6
1	209816380	A	-	33	7022	7018	0.04	0.66903	IRF6
1	209816380	A	C	39	19248	18516	0.08	0.30003	IRF6
1	209816380	A	G	78	26255	27216	-0.07	0.17604	IRF6
1	209816380	A	T	73	26274	29493	0.1	0.07633	IRF6
1	209816381	G	A	220	75218	86919	-0.03	0.35153	IRF6
1	209816381	G	C	6	923	918	-0.12	0.5471	IRF6
1	209816381	G	T	92	26225	28518	0.01	0.8356	IRF6
1	209816382	C	A	20	4833	5860	-0.21	0.05582	IRF6
1	209816382	C	G	40	16007	19479	0.06	0.41927	IRF6
1	209816382	C	T	138	45922	46641	0.13	0.00146	IRF6
1	209816383	A	C	16	8733	8233	-0.19	0.12088	IRF6
1	209816383	A	G	57	21542	20632	-0.05	0.46633	IRF6
1	209816383	A	T	42	16808	12808	-0.16	0.03751	IRF6
1	209816384	A	C	27	11920	11340	-0.14	0.14604	IRF6
1	209816384	A	G	117	49732	55125	-0.02	0.59047	IRF6
1	209816384	A	T	99	46693	44477	-0.03	0.5427	IRF6
1	209816385	A	-	73	15170	15820	-0.02	0.72048	IRF6
1	209816385	A	C	15	4791	5042	0.11	0.40676	IRF6
1	209816385	A	G	90	42498	37149	-0.11	0.03728	IRF6
1	209816385	A	T	37	12817	11641	-0.12	0.135	IRF6
1	209816386	C	A	14	96	129	0.26	0.05177	IRF6
1	209816386	C	G	86	25106	25027	0.06	0.22135	IRF6
1	209816386	C	T	124	29554	30978	-0.03	0.51852	IRF6
1	209816387	A	-	45	21014	20914	-0.07	0.33389	IRF6
1	209816387	A	C	3	234	231	-0.01	0.96846	IRF6
1	209816387	A	G	51	8280	7436	0.05	0.4396	IRF6
1	209816387	A	T	26	5570	6049	-0.16	0.10003	IRF6
1	209816388	G	-	5	173	227	0.27	0.20799	IRF6
1	209816388	G	A	7	34	68	0.7	9e-05	IRF6
1	209816388	G	T	46	9607	9447	-0.24	0.00089	IRF6
1	209816389	A	-	3	335	291	-0.02	0.93755	IRF6
1	209816389	A	C	15	8566	10278	-0.27	0.02593	IRF6
1	209816389	A	T	13	2034	1787	-0.03	0.82149	IRF6
1	209816390	G	A	4	40	11	-1.25	0	IRF6
1	209816390	G	C	6	1097	7875	0.37	0.0711	IRF6
