Chromosome	Position	Ref	Alt	Tags	DNA	RNA	Value	P-Value
X	139530463	G	A	270	5435	2910	-0.28	0
X	139530463	G	C	34	581	383	0.05	0.71796
X	139530463	G	T	30	533	159	-1.07	0
X	139530464	T	A	58	1383	821	0	0.98658
X	139530464	T	C	174	3665	2385	0.12	0.06635
X	139530464	T	G	25	600	405	0.37	0.02805
X	139530465	C	-	561	12349	7571	-0.05	0.14804
X	139530465	C	A	110	3414	1967	0.08	0.3287
X	139530465	C	G	36	874	452	0.02	0.87866
X	139530465	C	T	381	11110	6647	0.08	0.07095
X	139530466	C	A	578	19905	13472	0.17	0
X	139530466	C	G	45	777	394	-0.21	0.08569
X	139530466	C	T	734	22305	14265	0.09	0.0054
X	139530467	C	A	179	6905	4563	0.2	0.00179
X	139530467	C	G	15	509	281	0.04	0.84506
X	139530467	C	T	558	17351	10515	0.06	0.08367
X	139530468	A	C	78	1510	1021	0.05	0.58491
X	139530468	A	G	160	4419	2957	0.15	0.02515
X	139530468	A	T	236	6410	4492	0.29	0
X	139530469	C	A	519	18401	11708	0.05	0.14927
X	139530469	C	G	243	6958	4691	0.06	0.25908
X	139530469	C	T	1189	38383	23702	0.07	0.00532
X	139530470	T	A	227	6567	4139	0.09	0.11353
X	139530470	T	C	339	11035	6793	0.14	0.00275
X	139530470	T	G	108	3926	2177	-0.02	0.81062
X	139530471	G	A	311	8998	5512	0	0.95261
X	139530471	G	C	77	2479	1457	-0.17	0.06667
X	139530471	G	T	184	7545	5198	0.22	0.00037
X	139530472	A	C	31	1045	706	0.32	0.03464
X	139530472	A	G	103	4797	2657	-0.1	0.22067
X	139530472	A	T	160	5016	3126	-0.01	0.87221
X	139530473	T	A	150	4698	2710	0.11	0.10585
X	139530473	T	C	164	6074	3988	0.22	0.00057
X	139530473	T	G	19	1016	468	0.03	0.85989
X	139530474	G	A	258	9589	5870	0.11	0.04277
X	139530474	G	C	20	1634	913	0	0.99678
X	139530474	G	T	93	3655	2103	0.1	0.25205
X	139530475	A	-	190	3983	2587	0.15	0.01426
X	139530475	A	C	27	515	312	0.03	0.85815
X	139530475	A	G	164	4289	2439	0	0.98998
X	139530475	A	T	150	4638	2873	-0.11	0.11813
X	139530476	A	C	54	1964	1128	-0.01	0.95006
X	139530476	A	G	137	3641	2071	0.03	0.65271
X	139530476	A	T	301	6943	3808	-0.13	0.00671
X	139530477	C	A	463	14668	9278	0.03	0.38408
X	139530477	C	G	321	11493	6634	-0.03	0.53749
X	139530477	C	T	921	31608	18263	0.04	0.15689
X	139530478	T	A	226	5983	3459	-0.07	0.22603
X	139530478	T	C	226	6735	4191	-0.01	0.79651
X	139530478	T	G	80	2803	1502	-0.26	0.00589
X	139530479	G	A	646	19209	11642	-0.02	0.60625
X	139530479	G	C	89	2624	1589	0.15	0.09863
X	139530479	G	T	42	768	489	-0.05	0.72309
X	139530480	T	A	201	5885	3526	-0.1	0.09605
X	139530480	T	C	302	9755	5970	0.04	0.41807
X	139530480	T	G	22	476	282	0.12	0.48197
X	139530481	G	A	507	14644	9719	-0.04	0.2971
X	139530481	G	C	71	1493	881	0	0.96838
X	139530481	G	T	35	408	252	0.08	0.59318
X	139530482	C	A	172	6189	3159	-0.17	0.00781
X	139530482	C	G	82	2573	1806	0.06	0.53824
X	139530482	C	T	1165	32595	19408	-0.01	0.54613
X	139530483	T	A	446	12933	8062	-0.03	0.45093
X	139530483	T	C	641	19981	12873	0.1	0.00151
X	139530483	T	G	105	3273	2251	0.1	0.22345
X	139530484	G	A	592	14810	9386	0.03	0.4092
X	139530484	G	C	62	1875	1129	0.02	0.81477
X	139530484	G	T	24	415	240	0.01	0.95758
X	139530485	C	-	302	5798	3722	0.02	0.65172
X	139530485	C	A	259	7933	5646	0.27	0
X	139530485	C	G	233	5008	3240	0.07	0.17943
X	139530485	C	T	1000	26941	16763	0.03	0.2977
X	139530486	C	A	127	3237	2154	0.01	0.8914
X	139530486	C	G	43	2203	1348	0.29	0.02339
X	139530486	C	T	491	17735	11415	0.17	1.00E-05
X	139530487	A	C	56	2025	1186	0.13	0.24453
X	139530487	A	G	786	25721	17759	0.23	0
X	139530487	A	T	310	10179	6460	0.05	0.25709
X	139530488	C	A	60	1372	909	0.24	0.02562
X	139530488	C	G	188	4968	3285	0.12	0.0445
X	139530488	C	T	631	17758	12049	0.17	0
X	139530489	A	C	53	1514	943	0.14	0.2338
X	139530489	A	G	519	17461	9640	-0.05	0.19454
X	139530489	A	T	232	5104	3362	0.08	0.15731
X	139530490	G	A	458	15139	8714	0	0.89968
X	139530490	G	C	97	2703	1519	0.04	0.64473
X	139530490	G	T	298	9681	6110	-0.03	0.52588
X	139530491	T	A	457	17024	9403	-0.13	0.00083
X	139530491	T	C	307	11138	6650	-0.06	0.22385
X	139530491	T	G	83	3376	2745	0.57	0
X	139530492	A	-	419	8228	5092	0.03	0.41029
X	139530492	A	C	28	1817	1123	0.17	0.2754
X	139530492	A	G	647	18403	12131	0.07	0.04609
X	139530492	A	T	256	7498	4419	-0.08	0.10407
X	139530493	A	C	129	4686	3212	0.17	0.0233
X	139530493	A	G	977	28450	15742	-0.13	0
X	139530493	A	T	437	11593	7290	0.04	0.3366
X	139530494	A	C	81	1852	1107	-0.02	0.82885
X	139530494	A	G	944	29778	17307	-0.06	0.03296
X	139530494	A	T	234	7865	4603	0.03	0.62705
X	139530495	T	A	455	17935	10432	0.05	0.21168
X	139530495	T	C	579	17539	11548	0.13	0.00015
X	139530495	T	G	55	1623	946	-0.14	0.19874
X	139530496	G	A	449	13551	9222	0.22	0
X	139530496	G	C	60	2191	1215	-0.03	0.80488
X	139530496	G	T	55	1304	716	-0.27	0.01541
X	139530497	T	A	690	22739	12664	-0.04	0.18566
X	139530497	T	C	627	20628	12313	-0.02	0.64822
X	139530497	T	G	95	2474	1435	-0.03	0.71753
X	139530498	A	C	47	1563	1027	0.2	0.10052
X	139530498	A	G	642	17836	10994	0.05	0.16105
X	139530498	A	T	222	7867	4367	-0.09	0.12812
X	139530499	G	A	430	11445	6902	-0.04	0.35509
X	139530499	G	C	27	929	498	0.07	0.64926
X	139530499	G	T	197	8093	4337	-0.07	0.22422
X	139530500	C	-	277	5459	3462	0.07	0.19071
X	139530500	C	A	345	11000	7081	0.12	0.00969
X	139530500	C	G	288	9203	5825	0.06	0.24431
X	139530500	C	T	788	25344	18715	0.26	0
X	139530501	C	A	113	4811	3075	0.33	2.00E-05
X	139530501	C	G	83	3420	2046	0.05	0.54975
X	139530501	C	T	465	17232	10483	0.19	0
X	139530502	A	C	89	3145	2002	0.07	0.41864
X	139530502	A	G	774	25094	17584	0.28	0
X	139530502	A	T	430	15823	10059	0.11	0.00605
X	139530503	C	A	307	8755	5379	-0.01	0.76576
X	139530503	C	G	242	6544	4468	0.17	0.00148
X	139530503	C	T	604	16858	14604	0.5	0
X	139530504	T	A	252	7753	5206	0.05	0.31949
X	139530504	T	C	384	12697	8921	0.22	0
X	139530504	T	G	37	1993	1097	0.03	0.85125
X	139530505	A	C	47	822	533	0.06	0.62906
X	139530505	A	G	929	31492	19265	0.09	0.00162
X	139530505	A	T	258	9562	6921	0.06	0.22559
X	139530506	T	A	49	659	431	0.1	0.38098
X	139530506	T	C	523	16291	10704	0.17	0
X	139530506	T	G	69	1728	1343	0.27	0.00763
X	139530507	G	A	472	13905	7796	-0.14	0.00042
X	139530507	G	C	58	1432	815	-0.1	0.34135
X	139530507	G	T	36	865	504	-0.12	0.37943
X	139530508	C	A	312	13303	8860	0.24	0
X	139530508	C	G	310	10029	6504	0.15	0.00193
X	139530508	C	T	742	28050	17102	0.02	0.51557
X	139530509	C	A	658	20005	12607	0.09	0.00472
X	139530509	C	G	106	3933	2513	0.21	0.00793
X	139530509	C	T	551	17731	11546	0.1	0.00695
X	139530510	T	A	340	11745	5885	-0.18	7.00E-05
X	139530510	T	C	544	16500	8355	-0.25	0
X	139530510	T	G	58	2277	1606	0.33	0.00228
X	139530511	A	C	18	240	146	0.01	0.96846
X	139530511	A	G	638	21284	14974	0.22	0
X	139530511	A	T	208	6776	4410	0.12	0.03345
X	139530512	T	A	405	11862	7285	0.06	0.11974
X	139530512	T	C	456	16247	11824	0.26	0
X	139530512	T	G	114	6321	3420	0.09	0.24104
X	139530513	C	A	361	14163	7399	-0.13	0.00307
X	139530513	C	G	55	2910	1780	0.17	0.13498
X	139530513	C	T	580	25241	13989	-0.05	0.17229
X	139530514	T	A	305	10221	5714	-0.05	0.27423
X	139530514	T	C	600	18430	11071	-0.08	0.01628
X	139530514	T	G	152	6643	6451	0.75	0
X	139530515	C	-	287	7367	4645	0.08	0.09164
X	139530515	C	A	213	7311	4027	0.03	0.58344
X	139530515	C	G	55	1392	928	-0.13	0.25845
X	139530515	C	T	511	16901	8893	-0.06	0.10849
X	139530516	C	A	270	9547	5118	-0.06	0.20863
X	139530516	C	G	168	7815	4212	0.01	0.82008
X	139530516	C	T	832	30592	16366	-0.06	0.02546
X	139530517	A	C	29	1183	610	-0.12	0.43117
X	139530517	A	G	979	34230	21581	0.11	8.00E-05
X	139530517	A	T	280	8110	4529	-0.15	0.00328
X	139530518	T	-	27	683	341	-0.43	0.00791
X	139530518	T	A	359	13286	7273	-0.13	0.00304
X	139530518	T	C	447	15007	7847	-0.19	0
X	139530518	T	G	172	5249	2972	-0.04	0.48494
X	139530519	T	A	289	6973	4708	0.16	0.0013
X	139530519	T	C	687	23352	12568	-0.13	5.00E-05
X	139530519	T	G	71	1440	954	0.02	0.87931
X	139530520	C	A	521	15470	10188	0.15	4.00E-05
X	139530520	C	G	159	4793	3482	0.24	0.00037
X	139530520	C	T	608	24726	29387	1.13	0
X	139530521	T	A	452	13656	7839	-0.08	0.03659
X	139530521	T	C	624	18871	11227	0.01	0.75251
X	139530521	T	G	100	5197	3535	0.13	0.12095
X	139530522	G	A	246	10500	6365	0.09	0.10975
X	139530522	G	C	4	23	11	-1.15	0.00562
X	139530522	G	T	64	2475	1448	0.11	0.30439
X	139530523	A	-	6	113	65	0.05	0.89235
X	139530523	A	C	53	1157	586	-0.28	0.01312
X	139530523	A	G	765	25300	15284	0.06	0.05291
X	139530523	A	T	339	8918	5293	-0.03	0.52805
X	139530524	A	C	115	2672	2008	0.26	0.00069
X	139530524	A	G	967	32469	21078	0.1	1.00E-04
X	139530524	A	T	407	11177	9232	0.51	0
X	139530525	G	A	248	8072	4420	-0.05	0.38398
X	139530525	G	C	35	834	489	-0.16	0.25926
X	139530525	G	T	446	15631	9286	-0.02	0.67102
X	139530526	A	C	17	500	329	0.04	0.84531
X	139530526	A	G	626	19721	11479	-0.1	0.00166
X	139530526	A	T	171	5765	3624	-0.02	0.73542
X	139530527	T	A	342	10002	4890	-0.34	0
X	139530527	T	C	370	14438	8885	0.04	0.38585
X	139530527	T	G	63	1674	723	-0.54	0
X	139530528	G	A	818	24650	14668	-0.03	0.26865
X	139530528	G	C	99	3273	1696	-0.19	0.02684
X	139530528	G	T	43	886	361	-0.42	0.00086
X	139530529	T	A	989	36414	39987	0.96	0
X	139530529	T	C	1202	35914	37991	0.88	0
X	139530529	T	G	194	6743	3353	-0.24	8.00E-05
X	139530530	G	A	317	11642	5078	-0.38	0
X	139530530	G	C	95	2001	902	-0.45	0
X	139530530	G	T	68	2022	957	-0.33	0.00107
X	139530531	T	A	874	28548	11619	-0.54	0
X	139530531	T	C	1154	42549	17358	-0.51	0
X	139530531	T	G	282	10945	4784	-0.4	0
X	139530532	C	A	94	3184	1352	-0.54	0
X	139530532	C	G	80	2555	981	-0.6	0
X	139530532	C	T	610	20720	9117	-0.37	0
X	139530533	A	C	65	2758	1123	-0.71	0
X	139530533	A	G	745	24409	9891	-0.56	0
X	139530533	A	T	466	16691	7750	-0.35	0
X	139530534	C	A	135	3842	1378	-0.71	0
X	139530534	C	G	154	5941	2104	-0.73	0
X	139530534	C	T	770	22678	12511	-0.08	0.00484
X	139530535	T	-	33	658	208	-0.75	0
X	139530535	T	A	758	27501	10851	-0.59	0
X	139530535	T	C	412	13892	5037	-0.73	0
X	139530535	T	G	255	9080	3224	-0.66	0
X	139530536	T	A	337	10249	3460	-0.84	0
X	139530536	T	C	469	14161	4909	-0.8	0
X	139530536	T	G	34	1030	403	-0.73	0
X	139530537	C	-	23	627	250	-0.59	0.00074
X	139530537	C	A	183	5898	2211	-0.79	0
X	139530537	C	G	59	1813	636	-0.93	0
X	139530537	C	T	226	8434	3557	-0.38	0
X	139530538	C	A	421	14293	5449	-0.62	0
X	139530538	C	G	126	4959	1742	-0.61	0
X	139530538	C	T	301	11239	4554	-0.52	0
X	139530539	T	A	271	9746	3434	-0.65	0
X	139530539	T	C	517	17684	7011	-0.48	0
X	139530539	T	G	74	1881	1663	0.39	6.00E-05
X	139530540	G	A	554	18440	7221	-0.58	0
X	139530540	G	C	101	3216	1282	-0.49	0
X	139530540	G	T	61	2076	757	-0.73	0
X	139530541	T	-	49	1197	668	-0.14	0.23783
X	139530541	T	A	473	17572	7281	-0.5	0
X	139530541	T	C	1031	32542	14868	-0.42	0
X	139530541	T	G	135	4125	1662	-0.58	0
X	139530542	T	A	433	11652	5314	-0.35	0
X	139530542	T	C	723	20188	10017	-0.29	0
X	139530542	T	G	148	4701	2341	-0.33	0
X	139530543	T	A	533	15335	7719	-0.23	0
X	139530543	T	C	457	16327	8426	-0.23	0
X	139530543	T	G	66	1882	931	-0.09	0.40552
X	139530544	C	A	156	6262	3198	-0.26	0.00012
X	139530544	C	G	42	1184	728	0.22	0.09322
X	139530544	C	T	419	14167	7993	-0.05	0.22743
X	139530545	A	C	129	4770	3803	0.57	0
X	139530545	A	G	628	17031	10760	0.01	0.78028
X	139530545	A	T	676	22431	17925	0.43	0
X	139530546	G	A	345	9526	5468	-0.12	0.00852
X	139530546	G	C	80	2945	1492	-0.14	0.13001
X	139530546	G	T	264	7922	4597	-0.11	0.02534
X	139530547	A	C	82	2618	1488	-0.21	0.0236
X	139530547	A	G	578	19102	11891	0.1	0.00467
X	139530547	A	T	392	12508	8507	0.15	0.00028
X	139530548	C	A	553	23745	13794	0.09	0.01185
X	139530548	C	G	225	5837	3586	0.04	0.50912
X	139530548	C	T	1210	44965	28053	0.15	0
X	139530549	T	A	1441	67929	37449	0.03	0.17819
X	139530549	T	C	590	22823	12779	-0.05	0.13364
X	139530549	T	G	92	2786	1654	-0.01	0.92361
X	139530550	C	A	154	8163	4724	-0.01	0.88408
X	139530550	C	G	91	2899	1697	0.03	0.71112
X	139530550	C	T	472	17389	9457	-0.04	0.35397
X	139530551	A	-	211	3835	2480	0.08	0.17105
X	139530551	A	C	50	1091	700	0	0.96711
X	139530551	A	G	752	23212	15372	0.18	0
X	139530551	A	T	361	11093	6959	0.04	0.3957
X	139530552	A	C	120	2669	1882	0.16	0.04145
X	139530552	A	G	951	36490	25096	0.24	0
X	139530552	A	T	365	13941	8672	0.02	0.69798
X	139530553	A	C	79	2738	1601	0.06	0.55624
X	139530553	A	G	516	16915	9926	0.02	0.67855
X	139530553	A	T	174	4953	3183	-0.08	0.19279
X	139530554	T	A	1041	40985	28293	0.3	0
X	139530554	T	C	332	9958	6030	-0.03	0.53495
X	139530554	T	G	39	1647	1096	0.18	0.18049
X	139530555	C	A	154	5600	3107	-0.01	0.92758
X	139530555	C	G	146	5076	3005	-0.07	0.28526
X	139530555	C	T	649	23223	12043	-0.14	4.00E-05
X	139530556	A	C	72	1691	1115	0.08	0.40032
X	139530556	A	G	856	29944	18586	0.12	3.00E-05
X	139530556	A	T	212	6617	3727	0.02	0.71445
X	139530557	G	A	743	25393	14295	-0.03	0.26515
X	139530557	G	C	27	707	387	-0.13	0.42847
X	139530557	G	T	220	6554	3801	-0.14	0.01142
X	139530558	C	-	520	13908	8276	-0.02	0.64086
X	139530558	C	A	429	17380	10201	0	0.94994
X	139530558	C	G	529	24349	13538	0.03	0.3635
X	139530558	C	T	942	29699	17304	0	0.97815
X	139530559	C	A	253	10865	6484	0.03	0.50485
X	139530559	C	G	225	9745	5998	0.11	0.04732
X	139530559	C	T	904	33650	20265	0.11	5.00E-05
X	139530560	A	C	101	1665	1004	0.03	0.68737
X	139530560	A	G	616	23778	15061	0.15	1.00E-05
X	139530560	A	T	347	12459	6882	-0.11	0.01459
X	139530561	C	A	58	1424	823	0.01	0.90004
X	139530561	C	G	153	7232	4285	0.1	0.14043
X	139530561	C	T	709	19746	15757	0.47	0
X	139530562	A	C	190	6307	4675	0.24	6.00E-05
X	139530562	A	G	611	19903	13328	0.18	0
X	139530562	A	T	341	12371	7607	-0.04	0.35146
X	139530563	G	A	504	15097	9758	0.11	0.00274
X	139530563	G	C	71	2247	1356	-0.06	0.56777
X	139530563	G	T	289	7929	4781	-0.03	0.59646
X	139530564	T	A	416	11585	7001	-0.04	0.28958
X	139530564	T	C	450	15560	10858	0.23	0
X	139530564	T	G	57	1941	941	-0.09	0.39062
X	139530565	G	-	140	2774	1601	-0.12	0.08501
X	139530565	G	A	355	10743	6137	-0.07	0.10331
X	139530565	G	C	37	711	367	-0.24	0.07353
X	139530565	G	T	88	3385	1877	-0.06	0.5355
X	139530566	G	A	625	18401	10838	-0.1	0.00309
X	139530566	G	C	95	2348	1448	-0.14	0.11428
X	139530566	G	T	168	3508	2299	-0.08	0.2072
X	139530567	C	A	76	1653	890	-0.04	0.68372
X	139530567	C	G	201	6768	3876	-0.08	0.17046
X	139530567	C	T	849	29597	17707	-0.01	0.66551
X	139530568	A	C	42	1337	873	-0.04	0.74807
X	139530568	A	G	648	18513	18882	0.72	0
X	139530568	A	T	215	8294	5660	-0.02	0.66827
X	139530569	G	A	258	7669	4284	-0.02	0.75784
X	139530569	G	C	5	74	55	0.46	0.21743
X	139530569	G	T	383	11251	5679	-0.17	5.00E-05
X	139530570	A	C	63	2416	1348	-0.08	0.44688
X	139530570	A	G	531	16147	9845	-0.03	0.46355
X	139530570	A	T	310	8347	4811	-0.02	0.65215
X	139530571	A	C	185	5832	3812	0.19	0.00201
X	139530571	A	G	948	26353	17811	0.19	0
X	139530571	A	T	391	10417	5407	-0.22	0
X	139530572	G	A	354	11760	7382	0.09	0.03216
X	139530572	G	C	42	920	472	-0.4	0.00164
X	139530572	G	T	231	7538	4375	-0.1	0.05768
X	139530573	C	-	323	7976	4540	-0.13	0.00631
X	139530573	C	A	235	7835	4544	-0.04	0.46403
X	139530573	C	G	166	5299	3249	0.1	0.10551
X	139530573	C	T	657	20231	12254	0.01	0.70406
X	139530574	C	A	299	9047	6055	0.2	4.00E-05
X	139530574	C	G	37	878	520	0.06	0.65229
X	139530574	C	T	582	19484	12848	0.19	0
X	139530575	C	A	126	4285	2666	0.14	0.05913
X	139530575	C	G	45	890	650	0.33	0.00831
X	139530575	C	T	495	16148	11360	0.2	0
X	139530576	A	C	91	3399	1809	-0.01	0.88951
X	139530576	A	G	574	18583	9659	-0.2	0
X	139530576	A	T	324	8112	5379	0.04	0.37771
X	139530577	C	A	212	8172	5018	0.09	0.13192
X	139530577	C	G	570	19125	13316	0.32	0
X	139530577	C	T	784	24090	15026	0.06	0.0594
X	139530578	G	-	3	86	63	0.1	0.83355
X	139530578	G	A	290	9146	5493	-0.04	0.47446
X	139530578	G	C	22	951	491	-0.34	0.05946
X	139530578	G	T	360	11536	6389	-0.06	0.15861
X	139530579	A	-	104	2147	1656	0.17	0.03516
X	139530579	A	C	36	968	453	-0.03	0.8332
X	139530579	A	G	1099	36973	22291	0	0.95921
X	139530579	A	T	405	9860	7037	0.2	0
X	139530580	A	C	80	2530	1717	0.06	0.53675
X	139530580	A	G	1030	28950	20408	0.22	0
X	139530580	A	T	570	16732	9904	0.01	0.72577
X	139530581	A	C	66	1976	1201	-0.05	0.59381
X	139530581	A	G	984	28888	16023	-0.14	0
X	139530581	A	T	204	7386	4796	0.04	0.46302
X	139530582	T	A	247	9511	5975	0.14	0.00955
X	139530582	T	C	186	5920	3697	0	0.96089
X	139530582	T	G	17	332	185	0.1	0.61696
X	139530583	C	A	180	6798	3718	0.03	0.61604
X	139530583	C	G	83	2875	1648	-0.05	0.57562
X	139530583	C	T	955	57507	32212	0.08	0.00175
X	139530584	A	C	134	2839	1823	0.04	0.53771
X	139530584	A	G	559	15956	10564	0.12	0.00105
X	139530584	A	T	266	8403	4929	-0.03	0.57736
X	139530585	G	A	303	9654	5693	-0.02	0.66449
X	139530585	G	C	9	514	223	-0.41	0.13688
X	139530585	G	T	350	11048	6366	0.04	0.37923
X	139530586	A	C	47	1098	738	0.18	0.14099
X	139530586	A	G	438	13038	7373	-0.11	0.00467
X	139530586	A	T	108	4037	2689	0.07	0.38976
X	139530587	G	-	8	81	36	-0.36	0.22308
X	139530587	G	A	449	14267	8573	0.04	0.31699
X	139530587	G	C	136	3446	1918	-0.04	0.54845
X	139530587	G	T	623	20979	12047	-0.11	0.00069
X	139530588	G	A	511	17386	10049	-0.07	0.05269
X	139530588	G	C	36	794	553	0.05	0.69517
X	139530588	G	T	71	3016	2040	0.22	0.02382
X	139530589	T	A	328	11545	7199	0.12	0.01026
X	139530589	T	C	514	15136	9748	0.06	0.12906
X	139530589	T	G	136	4068	2531	0.12	0.10539
X	139530590	G	A	110	2978	1825	0.21	0.00986
X	139530590	G	C	3	98	32	-0.85	0.07731
X	139530590	G	T	15	132	65	-0.7	0.00116
X	139530591	A	-	55	1295	820	0.05	0.68689
X	139530591	A	C	17	342	203	-0.35	0.08109
X	139530591	A	G	1190	44909	27429	0.03	0.18706
X	139530591	A	T	270	7316	4030	-0.19	2.00E-04
X	139530592	A	C	19	353	194	-0.1	0.61344
X	139530592	A	G	1108	39306	21821	-0.02	0.39751
X	139530592	A	T	190	8272	4652	-0.02	0.68028
X	139530593	A	C	51	1495	924	0.06	0.6293
X	139530593	A	G	557	16651	10094	-0.05	0.16769
X	139530593	A	T	198	5578	3543	0.01	0.81521
X	139530594	T	-	111	2521	1438	-0.08	0.31827
X	139530594	T	A	442	13048	7652	-0.01	0.86552
X	139530594	T	C	163	6168	3995	-0.07	0.30575
X	139530594	T	G	21	417	215	-0.31	0.09601
X	139530595	T	A	317	10548	6317	0.07	0.15668
X	139530595	T	C	229	6933	4561	0.14	0.00958
X	139530595	T	G	25	841	482	0.07	0.69755
X	139530596	T	A	173	4797	2775	-0.03	0.65754
X	139530596	T	C	169	4965	2980	-0.03	0.67309
X	139530596	T	G	24	539	288	-0.3	0.08108
X	139530597	A	-	12	286	207	-0.02	0.92205
X	139530597	A	C	3	53	39	-0.06	0.8967
X	139530597	A	G	203	5843	3836	0.09	0.12963
X	139530597	A	T	48	1385	886	-0.01	0.94304
X	139530598	A	C	21	317	277	0.18	0.33431
X	139530598	A	G	342	11004	6511	-0.06	0.20813
X	139530598	A	T	252	8116	4563	-0.05	0.30932
X	139530599	T	A	356	11650	7163	0.09	0.04476
X	139530599	T	C	98	5859	3586	0.14	0.10199
X	139530599	T	G	11	279	209	0.44	0.07917
X	139530600	A	-	56	1288	871	0.05	0.6825
X	139530600	A	C	17	540	317	0.04	0.83089
X	139530600	A	G	595	18446	10873	-0.04	0.26389
X	139530600	A	T	164	4684	2919	0.12	0.05978
X	139530601	A	C	71	2831	1734	0.19	0.05925
X	139530601	A	G	449	14581	8601	-0.02	0.58001
X	139530601	A	T	356	11172	6908	0.08	0.08948
X	139530602	T	A	526	17953	11457	0.07	0.0527
X	139530602	T	C	308	10000	6047	0.04	0.36642
X	139530602	T	G	69	3689	2370	0.18	0.06671
X	139530603	G	A	145	5174	3334	0.07	0.30704
X	139530603	G	C	9	365	286	0.38	0.16579
X	139530603	G	T	48	1401	812	0.09	0.4429
X	139530604	A	C	37	823	493	-0.4	0.00369
X	139530604	A	G	918	35293	22751	0.14	0
X	139530604	A	T	128	5199	3666	0.19	0.01191
X	139530605	C	-	236	6351	3702	0	0.96866
X	139530605	C	A	85	2236	1308	-0.06	0.48709
X	139530605	C	G	306	13134	7967	0.09	0.04943
X	139530605	C	T	473	14055	9242	0.08	0.02713
X	139530606	C	A	133	5492	3242	0.03	0.63211
X	139530606	C	G	192	6589	4163	0.24	5.00E-05
X	139530606	C	T	425	12673	7450	-0.03	0.5267
X	139530607	A	C	64	1417	860	-0.05	0.6486
X	139530607	A	G	854	36844	23954	0.23	0
X	139530607	A	T	411	12909	7743	0.01	0.82403
X	139530608	C	A	150	6497	3556	-0.04	0.51763
X	139530608	C	G	385	12383	7100	-0.01	0.83668
X	139530608	C	T	871	26885	15377	-0.06	0.02176
X	139530609	T	A	449	15444	9118	0.07	0.08549
X	139530609	T	C	348	13054	7443	0	0.96749
X	139530609	T	G	146	6888	4144	0.11	0.09849
X	139530610	G	A	246	5944	3654	-0.02	0.74274
X	139530610	G	C	25	1316	654	0.01	0.95205
X	139530610	G	T	50	1640	1041	0.11	0.3503
X	139530611	C	-	244	5801	3504	-0.02	0.69922
X	139530611	C	A	236	6503	4105	-0.03	0.63139
X	139530611	C	G	244	6803	4246	0.11	0.04011
X	139530611	C	T	925	27551	17091	0.03	0.27306
X	139530612	C	A	283	9398	5853	-0.04	0.38564
X	139530612	C	G	98	3000	1945	0.12	0.14121
X	139530612	C	T	515	18993	11894	0.07	0.05679
X	139530613	C	A	150	3851	2300	0	0.98404
X	139530613	C	G	31	1063	691	-0.13	0.38735
X	139530613	C	T	733	25096	16078	0.09	0.00493
X	139530614	A	C	90	2633	1690	0.16	0.06966
X	139530614	A	G	512	18285	11435	0.14	1.00E-04
X	139530614	A	T	393	12808	8971	0.18	2.00E-05
X	139530615	T	-	18	375	260	0.14	0.48403
X	139530615	T	A	279	10845	6640	0.01	0.80197
X	139530615	T	C	335	9534	5992	-0.04	0.37039
X	139530615	T	G	72	2190	1080	0.11	0.27818
X	139530616	T	A	248	7665	4820	0.01	0.88639
X	139530616	T	C	313	7829	4710	-0.01	0.86521
X	139530616	T	G	21	1043	810	0.03	0.88659
X	139530617	C	A	511	16322	9837	0.03	0.42112
X	139530617	C	G	79	1619	1011	0.01	0.87477
X	139530617	C	T	615	28465	16225	0.01	0.80603
X	139530618	T	A	543	21529	14134	0.12	0.00119
X	139530618	T	C	612	20821	11960	-0.07	0.03315
X	139530618	T	G	47	840	602	0.08	0.50881
X	139530619	C	A	529	18914	10696	-0.07	0.04607
X	139530619	C	G	53	1721	1042	0.18	0.10854
X	139530619	C	T	440	15302	9312	0.02	0.6826
X	139530620	T	A	348	10101	5691	-0.13	0.0026
X	139530620	T	C	229	8979	5520	0.08	0.16216
X	139530620	T	G	83	2898	1713	0.05	0.58248
X	139530621	T	A	293	8890	6017	-0.05	0.33392
X	139530621	T	C	300	10055	6153	0.04	0.39399
X	139530621	T	G	43	1104	704	0.18	0.16018
X	139530622	C	A	138	5249	3210	0.21	0.00253
X	139530622	C	G	52	3911	2626	0.16	0.16636
X	139530622	C	T	585	19996	12574	0.1	0.00274
X	139530623	A	C	100	2578	1454	0.01	0.86683
X	139530623	A	G	1260	45103	27981	0.07	0.00178
X	139530623	A	T	402	14197	8604	0.06	0.17794
X	139530624	C	A	366	14014	8485	0.12	0.00781
X	139530624	C	G	224	6347	3833	0.07	0.20651
X	139530624	C	T	1304	49046	29306	0.08	0.00063
X	139530625	T	-	13	166	81	-0.06	0.78837
X	139530625	T	A	567	19323	12090	0.04	0.23182
X	139530625	T	C	365	13766	7839	-0.18	5.00E-05
X	139530625	T	G	127	2398	1583	0.03	0.6638
X	139530626	T	A	530	19624	11460	0.02	0.55656
X	139530626	T	C	605	19860	12693	0.01	0.71613
X	139530626	T	G	118	3329	2039	-0.07	0.33047
X	139530627	G	A	389	12145	6820	-0.11	0.00688
X	139530627	G	C	77	2375	1371	0.05	0.57598
X	139530627	G	T	57	1508	872	0.11	0.33373
X	139530628	T	A	548	22562	13012	0.01	0.67811
X	139530628	T	C	943	37904	22025	0	0.88236
X	139530628	T	G	114	3465	2013	0.12	0.11196
X	139530629	C	-	214	5349	2990	-0.09	0.11964
X	139530629	C	A	178	6997	3803	-0.07	0.27734
X	139530629	C	G	140	5236	3044	-0.05	0.47614
X	139530629	C	T	484	19147	11343	0.08	0.03893
X	139530630	C	A	509	20302	11913	0.06	0.09125
X	139530630	C	G	163	5477	3336	0.11	0.08007
X	139530630	C	T	467	20552	12888	0.06	0.13843
X	139530631	C	A	98	2000	1289	0.13	0.11158
X	139530631	C	G	97	4020	2376	0.03	0.75401
X	139530631	C	T	350	12634	7716	-0.03	0.47915
X	139530632	A	-	15	419	219	-0.43	0.04348
X	139530632	A	C	93	3038	1882	0.2	0.02382
X	139530632	A	G	1121	43004	26354	0.07	0.00511
X	139530632	A	T	256	8210	4732	0.12	0.02648
X	139530633	A	C	126	4309	2851	0.08	0.26511
X	139530633	A	G	765	24849	15664	0.07	0.0276
X	139530633	A	T	478	16082	9893	0.1	0.00632
X	139530634	G	A	235	8296	4699	0	0.93898
X	139530634	G	C	12	413	267	0.16	0.50683
X	139530634	G	T	754	24398	14273	-0.06	0.03512
X	139530635	A	C	77	2804	1783	0.19	0.04684
X	139530635	A	G	905	31209	17996	-0.06	0.01966
X	139530635	A	T	444	16841	9276	-0.01	0.70832
X	139530636	G	-	3	122	72	0.19	0.68754
X	139530636	G	A	154	6398	3604	-0.11	0.09839
X	139530636	G	C	10	158	77	-0.39	0.13968
X	139530636	G	T	208	6135	3123	-0.25	2.00E-05
X	139530637	G	A	623	18684	10900	-0.04	0.20147
X	139530637	G	C	19	643	346	-0.18	0.35466
X	139530637	G	T	69	1461	881	-0.08	0.45293
X	139530638	C	-	255	5327	3194	-0.05	0.36124
X	139530638	C	A	289	9609	5808	0.07	0.13458
X	139530638	C	G	185	7981	4818	0.09	0.14202
X	139530638	C	T	766	30410	18012	0.04	0.23819
X	139530639	C	A	189	7152	4234	0.13	0.03258
X	139530639	C	G	87	2675	1448	-0.08	0.3456
X	139530639	C	T	411	12960	7628	0.01	0.87253
X	139530640	A	C	18	1287	665	0.01	0.95621
X	139530640	A	G	309	12555	7916	0.13	0.00722
X	139530640	A	T	266	9891	6764	0.16	0.00193
X	139530641	T	-	29	813	430	-0.09	0.57349
X	139530641	T	A	618	20654	12145	-0.07	0.04088
X	139530641	T	C	465	19040	12261	0.02	0.61906
X	139530641	T	G	105	2734	1659	0.02	0.78634
X	139530642	T	A	691	25108	14698	0	0.95648
X	139530642	T	C	512	16873	10435	0.04	0.33206
X	139530642	T	G	164	5597	3763	0.19	0.00278
X	139530643	G	-	44	970	553	0.06	0.61208
X	139530643	G	A	360	10897	6010	-0.04	0.31975
X	139530643	G	C	26	781	528	0.04	0.792
X	139530643	G	T	70	2763	1742	0.02	0.80883
X	139530644	G	A	238	7769	4527	-0.08	0.14193
X	139530644	G	C	28	1048	624	0.12	0.45277
X	139530644	G	T	86	2442	1560	0.07	0.46832
X	139530645	A	-	79	1366	878	0.02	0.80089
X	139530645	A	C	102	4426	2825	0.18	0.0285
X	139530645	A	G	345	11378	7234	-0.04	0.39345
X	139530645	A	T	207	7096	4204	-0.02	0.75638
X	139530646	A	C	78	3133	1964	0.19	0.04695
X	139530646	A	G	582	21898	13374	0.04	0.24458
X	139530646	A	T	172	6264	3723	-0.12	0.05349
X	139530647	A	C	71	1846	1142	0	0.99009
X	139530647	A	G	422	10884	6609	0.04	0.35193
X	139530647	A	T	201	7677	4820	0.09	0.11512
X	139530648	T	A	589	21007	13294	0.06	0.06433
X	139530648	T	C	138	3694	2271	0.04	0.57549
X	139530648	T	G	24	2283	1675	0.14	0.42071
X	139530649	A	C	3	194	129	0.21	0.67029
X	139530649	A	G	346	10781	6193	-0.07	0.14428
X	139530649	A	T	198	7898	5175	0	0.93728
X	139530650	G	A	853	31132	18623	0.02	0.55922
X	139530650	G	C	179	5898	3558	0.05	0.379
X	139530650	G	T	520	22328	12852	0.09	0.01605
X	139530651	T	A	669	20681	11558	-0.15	1.00E-05
X	139530651	T	C	545	18043	10171	-0.12	0.00109
X	139530651	T	G	172	6821	3892	-0.01	0.83239
X	139530652	C	-	444	11131	6465	-0.04	0.35563
X	139530652	C	A	437	19009	18189	0.84	0
X	139530652	C	G	251	9655	5165	-0.05	0.3475
X	139530652	C	T	697	33656	21146	0.18	0
X	139530653	C	A	291	9942	5671	0.02	0.70918
X	139530653	C	G	198	7234	4416	0.01	0.82478
X	139530653	C	T	674	24947	14578	0.01	0.86995
X	139530654	A	-	248	5654	3224	-0.07	0.20515
X	139530654	A	C	130	4228	2309	-0.24	0.00125
X	139530654	A	G	508	20550	11413	-0.05	0.20513
X	139530654	A	T	178	5151	2745	-0.19	0.0024
X	139530655	A	C	135	4370	2170	-0.1	0.15741
X	139530655	A	G	338	10269	5909	0	0.95244
X	139530655	A	T	661	24212	12941	-0.09	0.0057
X	139530656	A	C	384	15607	8993	0.03	0.52205
X	139530656	A	G	503	18007	10552	0.01	0.74811
X	139530656	A	T	382	14546	8016	-0.02	0.67315
X	139530657	G	A	286	9474	5119	-0.08	0.11679
X	139530657	G	C	71	2847	1798	0.1	0.3075
X	139530657	G	T	967	39337	22452	-0.02	0.40424
X	139530658	A	C	103	3054	1810	0.11	0.16598
X	139530658	A	G	766	26988	16502	0.09	0.00335
X	139530658	A	T	513	18489	13312	0.34	0
X	139530659	C	-	392	10811	6959	0.17	7.00E-05
X	139530659	C	A	65	2199	1157	-0.15	0.1583
X	139530659	C	G	240	7940	4807	0.02	0.68234
X	139530659	C	T	761	24535	15674	0.09	0.00451
X	139530660	C	A	778	26476	15238	-0.05	0.1178
X	139530660	C	G	255	8607	5315	-0.03	0.6207
X	139530660	C	T	1043	38633	23374	0.07	0.00392
X	139530661	C	A	280	12989	8082	0.17	0.00055
X	139530661	C	G	99	4654	3168	0.27	0.00145
X	139530661	C	T	803	25846	15886	0.08	0.00553
X	139530662	A	C	34	662	373	-0.04	0.75515
X	139530662	A	G	472	12902	8093	0.06	0.11693
X	139530662	A	T	105	2574	1811	0	0.99488
X	139530663	T	-	48	1312	891	0.02	0.85269
X	139530663	T	A	282	10653	6071	0.05	0.3052
X	139530663	T	C	547	16486	10089	0.14	8.00E-05
X	139530663	T	G	29	2404	1349	0.01	0.92666
X	139530664	T	A	338	7412	4673	0	0.9236
X	139530664	T	C	461	15074	8783	0.03	0.47777
X	139530664	T	G	61	1220	713	0.01	0.95561
X	139530665	G	A	384	13801	8217	-0.01	0.88521
X	139530665	G	C	14	232	161	0.1	0.63889
X	139530665	G	T	100	2656	1593	-0.06	0.49031
X	139530666	A	C	305	28001	16635	0.29	0
X	139530666	A	G	510	17088	10680	0.08	0.04187
X	139530666	A	T	348	9496	5935	0.07	0.13582
X	139530667	G	-	27	562	333	0.1	0.5148
X	139530667	G	A	234	6832	3902	-0.16	0.00251
X	139530667	G	C	43	1065	608	0.27	0.03542
X	139530667	G	T	506	18057	9302	-0.12	0.00109
X	139530668	G	A	226	9398	5358	-0.01	0.87891
X	139530668	G	C	45	1580	866	-0.13	0.28595
X	139530668	G	T	265	8084	4690	-0.02	0.67
X	139530669	G	A	173	4272	2385	-0.03	0.59624
X	139530669	G	C	14	446	317	0.27	0.222
X	139530669	G	T	150	4254	2395	-0.13	0.05047
X	139530670	A	C	87	3537	2208	0.19	0.0344
X	139530670	A	G	480	16658	13797	0.45	0
X	139530670	A	T	544	18195	11066	0.07	0.06792
X	139530671	G	A	533	18741	11630	0.07	0.04126
X	139530671	G	C	84	3093	1901	0.15	0.08962
X	139530671	G	T	212	7412	4472	-0.08	0.1892
X	139530672	A	C	18	767	603	0.16	0.41577
X	139530672	A	G	336	11991	8607	0.2	1.00E-05
X	139530672	A	T	268	7839	5237	0.18	0.00031
X	139530673	T	A	234	8881	5216	-0.05	0.34555
X	139530673	T	C	493	19125	11720	0.08	0.03032
X	139530673	T	G	45	2059	1564	0.07	0.54828
X	139530674	G	-	202	4484	3299	0.22	2.00E-04
X	139530674	G	A	522	20684	12464	0.1	0.00836
X	139530674	G	C	18	676	402	0.1	0.60309
X	139530674	G	T	66	2775	2007	0.19	0.06481
X	139530675	G	A	340	11882	6901	-0.07	0.14892
X	139530675	G	C	76	3049	1690	-0.03	0.79087
X	139530675	G	T	341	12060	6969	-0.03	0.53319
X	139530676	A	C	84	3371	1702	0.01	0.86987
X	139530676	A	G	1296	50247	28368	-0.03	0.25872
X	139530676	A	T	306	8892	4997	-0.09	0.06511
X	139530677	C	A	86	2942	1798	0.03	0.73655
X	139530677	C	G	446	23531	13135	-0.03	0.42259
X	139530677	C	T	1164	46246	26007	-0.03	0.16641
X	139530678	A	C	46	2084	1279	0.16	0.20246
X	139530678	A	G	582	16614	10533	0.08	0.01773
X	139530678	A	T	400	12950	8522	0.15	0.00024
X	139530679	T	-	73	1319	869	-0.04	0.66923
X	139530679	T	A	360	11736	6964	0.03	0.51435
X	139530679	T	C	301	10514	7069	0.03	0.49814
X	139530679	T	G	20	693	442	0.06	0.76689
X	139530680	T	-	3	114	83	0.42	0.3774
X	139530680	T	A	139	3562	2155	0	0.99415
X	139530680	T	C	219	6227	4644	0.29	0
X	139530680	T	G	12	237	187	0.18	0.45149
X	139530681	A	C	5	28	17	-0.24	0.52201
X	139530681	A	G	175	6268	3814	0.1	0.10533
X	139530681	A	T	64	1150	660	-0.13	0.21459
X	139530682	T	-	57	1146	671	-0.08	0.47852
X	139530682	T	A	289	8355	5015	-0.03	0.47907
X	139530682	T	C	150	5668	3273	-0.07	0.30352
X	139530683	T	-	6	91	72	0.48	0.16614
X	139530683	T	A	52	1137	599	-0.03	0.80576
X	139530683	T	C	193	8176	4613	-0.16	0.00704
X	139530683	T	G	12	300	139	-0.28	0.24824
X	139530684	T	-	12	83	59	0.1	0.67381
X	139530684	T	A	219	8014	3948	-0.27	0
X	139530684	T	C	378	12747	6988	-0.08	0.06297
X	139530684	T	G	13	268	135	-0.49	0.03219
X	139530685	C	-	259	7999	4506	-0.05	0.29923
X	139530685	C	A	80	3239	2568	0.23	0.01163
X	139530685	C	G	54	1714	1279	0.24	0.03588
X	139530685	C	T	220	6776	4209	-0.05	0.35591
X	139530686	C	-	96	966	543	-0.2	0.01724
X	139530686	C	A	162	5306	3112	-0.09	0.18302
X	139530686	C	G	97	3966	2296	-0.07	0.43795
X	139530686	C	T	380	14687	8309	-0.05	0.23991
X	139530687	C	-	120	1402	852	-0.08	0.27501
X	139530687	C	A	85	2525	1446	0.09	0.33613
X	139530687	C	G	145	5650	3567	0.21	0.00278
X	139530687	C	T	403	16849	9065	-0.1	0.01283
X	139530688	A	-	18	252	285	0.99	0
X	139530688	A	C	38	986	539	-0.1	0.45535
X	139530688	A	G	1165	36872	41278	0.98	0
X	139530688	A	T	396	11867	6616	-0.09	0.03754
X	139530689	G	-	28	256	165	0.01	0.95375
X	139530689	G	A	225	7503	4760	0.1	0.08369
X	139530689	G	C	31	890	476	-0.3	0.0482
X	139530689	G	T	166	6971	4148	-0.04	0.51124
X	139530690	A	-	17	232	118	-0.06	0.79186
X	139530690	A	C	30	1268	696	-0.08	0.61887
X	139530690	A	G	801	30822	16849	-0.08	0.009
X	139530690	A	T	188	4199	2391	-0.17	0.00619
X	139530691	A	-	3	22	15	0.19	0.7184
X	139530691	A	C	95	3435	1749	-0.09	0.27804
X	139530691	A	G	877	34339	18238	-0.13	1.00E-05
X	139530691	A	T	209	7506	4298	-0.06	0.30553
X	139530692	G	-	23	242	147	0	0.98482
X	139530692	G	A	509	19974	10688	-0.14	0.00015
X	139530692	G	C	18	1335	616	-0.34	0.08431
X	139530692	G	T	197	7120	3460	-0.25	3.00E-05
X	139530693	T	-	6	83	47	-0.05	0.88103
X	139530693	T	A	488	20462	11110	-0.02	0.56375
X	139530693	T	C	104	4543	2271	0.06	0.46858
X	139530693	T	G	20	444	237	-0.16	0.40167
X	139530694	A	-	153	6798	3423	-0.17	0.01253
X	139530694	A	C	20	249	166	0.09	0.62076
X	139530694	A	G	632	21014	10700	-0.14	3.00E-05
X	139530694	A	T	142	4617	2489	-0.1	0.14853
X	139530695	A	-	4	42	28	-0.18	0.65926
X	139530695	A	C	3	71	46	0.06	0.89367
X	139530695	A	G	762	25051	12392	-0.23	0
X	139530695	A	T	156	5323	3008	-0.21	0.00152
X	139530696	A	-	5	46	15	-0.86	0.02628
X	139530696	A	C	33	1653	791	-0.46	0.00173
X	139530696	A	G	107	3396	1730	-0.29	0.00034
X	139530696	A	T	277	9962	4967	-0.23	0
X	139530697	T	-	22	227	166	-0.03	0.86614
X	139530697	T	A	463	13984	7683	-0.08	0.03783
X	139530697	T	C	105	2855	1886	0.14	0.09402
X	139530697	T	G	13	163	82	0.1	0.66893
X	139530698	A	C	9	595	315	-0.89	0.00134
X	139530698	A	G	501	17067	9039	-0.1	0.00655
X	139530698	A	T	199	4881	2768	-0.12	0.04412
X	139530699	C	A	41	1915	1090	-0.06	0.64265
X	139530699	C	G	656	34738	21268	0.18	0
X	139530699	C	T	28	2238	1239	0.28	0.07806
X	139530700	A	C	74	2383	1398	0.01	0.91803
X	139530700	A	G	1237	47295	27732	-0.02	0.38001
X	139530700	A	T	63	2352	1223	0.07	0.51496
X	139530701	G	A	546	17253	9859	-0.05	0.18621
X	139530701	G	C	39	1240	658	-0.13	0.33369
X	139530701	G	T	250	11304	5853	-0.19	0.00034
X	139530702	C	A	199	9809	6016	-0.09	0.14562
X	139530702	C	G	500	27193	15481	0.09	0.01552
X	139530702	C	T	1696	57441	32443	-0.09	2.00E-05
X	139530703	T	A	337	9943	5973	-0.01	0.84308
X	139530703	T	C	246	9890	5973	-0.01	0.80855
X	139530703	T	G	177	8352	4752	0.11	0.08097
X	139530704	C	A	112	3720	1896	-0.25	0.00156
X	139530704	C	G	12	447	195	-0.26	0.27944
X	139530704	C	T	602	23016	13549	-0.01	0.83224
X	139530705	A	C	36	749	407	-0.29	0.03593
X	139530705	A	G	808	30450	18124	0.02	0.443
X	139530705	A	T	277	9875	5961	-0.02	0.64312
X	139530706	G	A	76	2371	1216	-0.09	0.34372
X	139530706	G	C	33	2266	1693	0.35	0.01751
X	139530706	G	T	70	2040	1208	-0.15	0.13735
X	139530707	C	A	328	11864	7198	0.03	0.56954
X	139530707	C	G	85	1737	1135	-0.18	0.04704
X	139530707	C	T	761	23923	14008	0.03	0.25753
X	139530708	T	-	21	349	188	-0.22	0.2189
X	139530708	T	A	183	8581	4986	0.02	0.70384
X	139530708	T	C	364	12775	7762	-0.05	0.2194
X	139530708	T	G	96	2474	1423	0.04	0.6625
X	139530709	T	A	642	23966	12462	-0.16	0
X	139530709	T	C	649	22653	13396	-0.04	0.19858
X	139530709	T	G	35	1144	547	-0.16	0.26403
X	139530710	G	A	996	34005	18042	-0.13	0
X	139530710	G	C	27	1016	555	-0.25	0.1119
X	139530710	G	T	33	1512	754	-0.12	0.4149
X	139530711	T	A	475	14216	10615	0.36	0
X	139530711	T	C	291	10508	6125	0.01	0.82374
X	139530711	T	G	69	2215	1936	0.58	0
X	139530712	A	C	9	343	156	-0.36	0.19261
X	139530712	A	G	214	8808	4508	-0.08	0.18758
X	139530712	A	T	282	8309	4705	-0.14	0.0059
X	139530713	C	-	9	644	333	0.14	0.60453
X	139530713	C	A	213	8769	4616	-0.08	0.15124
X	139530713	C	G	108	3240	1888	-0.06	0.48835
X	139530713	C	T	1011	40843	23584	-0.06	0.01565
X	139530714	T	-	49	1061	558	0.1	0.39782
X	139530714	T	A	334	9297	4657	-0.23	0
X	139530714	T	C	475	15639	8589	-0.17	1.00E-05
X	139530714	T	G	180	6226	3352	0.01	0.87689
X	139530715	T	A	626	23958	13104	-0.15	1.00E-05
X	139530715	T	C	146	4900	2774	-0.02	0.74996
X	139530715	T	G	124	2839	1558	-0.09	0.23987
X	139530716	T	A	748	24922	12926	-0.14	1.00E-05
X	139530716	T	C	374	12554	7084	-0.07	0.09857
X	139530716	T	G	86	2339	1229	-0.28	0.00174
X	139530717	G	-	55	1277	874	0.13	0.26518
X	139530717	G	A	511	17146	9973	-0.01	0.86128
X	139530717	G	C	48	2158	1162	-0.04	0.72501
X	139530717	G	T	75	4293	2449	0.05	0.59151
X	139530718	G	A	887	33427	18847	-0.08	0.00416
X	139530718	G	C	73	1800	961	-0.09	0.33161
X	139530718	G	T	53	1523	956	0.05	0.65035
X	139530719	T	A	255	8111	6671	0.4	0
X	139530719	T	C	218	8714	5342	0.14	0.01678
X	139530719	T	G	15	959	699	0.43	0.04953
X	139530720	A	C	2	16	10	-0.29	0.62275
X	139530720	A	G	502	16216	8818	-0.13	0.00036
X	139530720	A	T	162	5949	3179	0.02	0.76094
X	139530721	C	A	120	5373	3034	-0.03	0.67371
X	139530721	C	G	700	31617	18231	0.04	0.22542
X	139530721	C	T	1451	57442	31846	-0.05	0.03964
X	139530722	A	-	12	276	143	-0.32	0.18253
X	139530722	A	C	31	1435	881	-0.19	0.20303
X	139530722	A	G	1291	41439	28163	0.15	0
X	139530722	A	T	240	7392	4550	-0.04	0.47094
X	139530723	A	C	74	2359	1411	0.04	0.6897
X	139530723	A	G	695	19250	13416	0.16	0
X	139530723	A	T	339	9873	5570	-0.03	0.52174
X	139530724	C	A	348	18819	10547	0.02	0.73606
X	139530724	C	G	481	18911	11089	0.04	0.24613
X	139530724	C	T	1801	90664	50377	0	0.9656
X	139530725	T	A	528	17639	11171	0.08	0.03106
X	139530725	T	C	404	13136	7274	-0.07	0.07146
X	139530725	T	G	127	5651	3723	0.2	0.00782
X	139530726	A	-	36	518	468	0.19	0.1643
X	139530726	A	C	8	244	175	0.06	0.83743
X	139530726	A	G	829	32339	18802	0.01	0.71984
X	139530726	A	T	89	1141	768	0.08	0.3909
X	139530727	A	C	18	942	516	-0.04	0.82559
X	139530727	A	G	370	12225	6719	-0.08	0.07272
X	139530727	A	T	182	5475	3157	-0.14	0.02087
X	139530728	T	A	235	7082	3967	-0.07	0.18025
X	139530728	T	C	273	7582	4727	0.01	0.81911
X	139530728	T	G	14	397	215	-0.03	0.88042
X	139530729	C	A	56	2436	1450	-0.09	0.42585
X	139530729	C	G	113	2361	1335	-0.12	0.13705
X	139530729	C	T	650	16211	8490	-0.22	0
X	139530730	G	-	12	349	212	0.18	0.45563
X	139530730	G	A	30	2162	1183	-0.33	0.03175
X	139530730	G	T	16	538	256	-0.24	0.24966
X	139530731	A	C	166	6854	3753	-0.04	0.54573
X	139530731	A	G	2266	152676	94345	0.28	0
X	139530731	A	T	566	25217	13829	0	0.94765
X	139530732	C	-	487	18015	9970	0.01	0.84673
X	139530732	C	A	208	8125	4497	0.06	0.27117
X	139530732	C	G	24	1731	1004	-0.28	0.10354
X	139530732	C	T	27	1523	753	-0.2	0.2125
X	139530733	C	-	18	1363	829	0.28	0.14959
X	139530733	C	A	542	16740	9606	0.01	0.7663
X	139530733	C	G	12	207	118	0.08	0.74304
X	139530733	C	T	53	2964	1542	0.12	0.29858
X	139530734	T	-	948	36951	22419	0.17	0
X	139530734	T	A	625	17248	11574	0.1	0.0022
X	139530734	T	C	1591	90896	55747	0.19	0
X	139530734	T	G	721	56117	41892	0.56	0
X	139530735	T	A	660	40193	24605	0.25	0
X	139530735	T	C	1139	48779	31391	0.23	0
X	139530735	T	G	180	15440	9870	0.35	0
X	139530736	A	-	15	652	442	0.36	0.12064
X	139530736	A	C	162	6708	4229	0.08	0.22345
X	139530736	A	G	1552	123771	68250	0.17	0
X	139530736	A	T	477	23716	14334	0.16	3.00E-05
X	139530737	C	-	43	1182	702	0.01	0.91846
X	139530737	C	A	242	10380	5753	0.03	0.54252
X	139530737	C	G	651	33544	21077	0.23	0
X	139530737	C	T	1074	41177	25159	0.09	0.00067
X	139530738	C	A	580	41706	23233	0.17	0
X	139530738	C	G	322	26504	15144	0.16	0.00058
X	139530738	C	T	1729	148009	88189	0.26	0
X	139530739	A	C	316	18387	9857	0.03	0.49572
X	139530739	A	G	2208	185672	121129	0.41	0
X	139530739	A	T	1434	89982	58849	0.33	0
X	139530740	C	-	6	235	117	-0.15	0.65069
X	139530740	C	A	538	47683	25650	0.09	0.00886
X	139530740	C	G	712	53081	34257	0.33	0
X	139530740	C	T	651	23253	11914	-0.19	0
X	139530741	T	-	180	7969	4208	-0.13	0.03099
X	139530741	T	A	31	1824	762	-0.52	0.00056
X	139530741	T	C	2407	132224	63887	-0.16	0
X	139530741	T	G	23	1030	547	-0.1	0.56555
X	139530742	T	A	1060	47211	23421	-0.2	0
X	139530742	T	C	2312	136164	68624	-0.08	1.00E-05
X	139530742	T	G	509	32677	16478	-0.04	0.29955
X	139530743	T	A	1059	63341	35277	0.05	0.06037
X	139530743	T	C	1364	54635	28284	-0.15	0
X	139530743	T	G	910	71972	41363	0.17	0
X	139530744	C	A	77	2303	1226	-0.15	0.12137
X	139530744	C	G	830	43253	20461	-0.21	0
X	139530744	C	T	52	2669	1233	-0.33	0.00402
X	139530745	A	C	56	1151	522	-0.43	0.00012
X	139530745	A	G	236	6232	4520	0.29	0
X	139530745	A	T	12	583	369	0.18	0.46437
X	139530746	C	A	204	9955	5504	-0.04	0.5377
X	139530746	C	G	286	8855	4698	-0.11	0.03035
X	139530746	C	T	774	26570	14550	-0.08	0.01162
X	139530747	A	-	525	19953	10457	-0.1	0.00536
X	139530747	A	C	107	2682	1228	-0.41	0
X	139530747	A	G	438	16149	8747	-0.13	0.00159
X	139530747	A	T	249	6605	4721	0.3	0
X	139530748	A	C	39	1550	815	-0.18	0.1876
X	139530748	A	G	119	5386	2814	-0.13	0.0821
X	139530748	A	T	620	20932	12088	-0.03	0.42418
X	139530749	T	A	724	31489	16368	-0.13	5.00E-05
X	139530749	T	C	68	1598	819	-0.12	0.22416
X	139530749	T	G	17	441	218	-0.45	0.02781
X	139530750	C	A	979	50785	28106	0.05	0.06245
X	139530750	C	G	426	24263	13586	0.04	0.314
X	139530750	C	T	750	38784	20306	-0.02	0.4673
X	139530751	T	A	365	11906	7713	0.08	0.06717
X	139530751	T	C	80	2670	1678	0.14	0.13825
X	139530751	T	G	110	3535	2366	0.24	0.00249
X	139530752	G	A	297	10376	6156	-0.08	0.09748
X	139530752	G	C	3	88	65	0.26	0.58238
X	139530752	G	T	10	294	178	-0.12	0.65544
X	139530753	C	-	3	405	242	0.43	0.37497
X	139530753	C	A	62	4169	2260	0.13	0.20827
X	139530753	C	G	313	13452	8051	0.05	0.26903
X	139530753	C	T	105	5767	3460	0.01	0.86983
X	139530754	T	A	89	3725	2098	-0.05	0.54522
X	139530754	T	C	277	14897	8528	0.04	0.38763
X	139530754	T	G	32	779	605	0.55	0.00018
X	139530755	A	C	14	294	172	0.06	0.79893
X	139530755	A	G	74	2840	1501	-0.06	0.56525
X	139530755	A	T	6	205	91	-0.46	0.17918
X	139530756	G	-	12	811	464	0.27	0.26179
X	139530756	G	A	1449	95830	58347	0.25	0
X	139530756	G	C	95	6063	3337	0.1	0.22746
X	139530756	G	T	303	11020	5990	0	0.98098
X	139530757	C	-	3	253	128	0.11	0.82525
X	139530757	C	A	156	12260	6687	0.21	0.00207
X	139530757	C	G	1032	111627	61766	0.2	0
X	139530757	C	T	1815	79650	43670	0	0.89186
X	139530758	A	-	9	206	122	-0.3	0.2783
X	139530758	A	C	227	18004	9916	0.13	0.01944
X	139530758	A	G	1033	73079	42741	0.2	0
X	139530758	A	T	434	28270	15004	0.1	0.0147
X	139530759	A	C	277	18805	10611	0.13	0.00847
X	139530759	A	G	1122	83155	49577	0.23	0
X	139530759	A	T	876	62173	33249	0.1	0.00061
X	139530760	A	C	12	694	443	-0.19	0.42399
X	139530760	A	G	18	1065	574	0.03	0.88704
X	139530760	A	T	22	2008	910	-0.31	0.08496
X	139530761	G	-	803	29818	17377	0.04	0.1536
X	139530761	G	A	767	38827	21847	0.06	0.04467
X	139530761	G	C	15	544	310	-0.01	0.9471
X	139530761	G	T	23	1106	581	-0.03	0.87073
X	139530762	G	A	535	16909	9571	-0.06	0.08272
X	139530762	G	C	101	1418	866	0.05	0.52608
X	139530762	G	T	27	550	286	-0.2	0.20624
X	139530763	T	-	3	38	37	0.77	0.10579
X	139530763	T	A	169	5284	2875	-0.17	0.00695
X	139530763	T	C	108	3582	2109	0.01	0.90813
X	139530763	T	G	91	2951	1771	0.09	0.27951
X	139530764	T	-	27	882	522	0.01	0.95847
X	139530764	T	C	110	5764	3718	0.18	0.02753
X	139530765	A	-	320	15134	8200	0.12	0.00958
X	139530765	A	C	3	90	47	-0.08	0.86673
X	139530765	A	G	198	6711	3964	0.01	0.89041
